cluster_id,spine_variant_id,node_id,local_x,local_y,mandatory
TC_CRATER_BOWL_ASCENT,SPINE_CRATER_BOWL_ASCENT_ALT,NODE_CRATER_BOWL_ASCENT_ALT_BUILD_UP,4,1,1
TC_CRATER_BOWL_ASCENT,SPINE_CRATER_BOWL_ASCENT_ALT,NODE_CRATER_BOWL_ASCENT_ALT_CORE,14,1,1
TC_CRATER_BOWL_ASCENT,SPINE_CRATER_BOWL_ASCENT_ALT,NODE_CRATER_BOWL_ASCENT_ALT_ENTRY,0,1,1
TC_CRATER_BOWL_ASCENT,SPINE_CRATER_BOWL_ASCENT_ALT,NODE_CRATER_BOWL_ASCENT_ALT_EXIT,34,7,1
TC_CRATER_BOWL_ASCENT,SPINE_CRATER_BOWL_ASCENT_ALT,NODE_CRATER_BOWL_ASCENT_ALT_HIGH,8,3,0
TC_CRATER_BOWL_ASCENT,SPINE_CRATER_BOWL_ASCENT_ALT,NODE_CRATER_BOWL_ASCENT_ALT_RECOVERY,30,1,1
TC_CRATER_BOWL_ASCENT,SPINE_CRATER_BOWL_ASCENT_ALT,NODE_CRATER_BOWL_ASCENT_ALT_REWARD,17,2,0
TC_CRATER_BOWL_ASCENT,SPINE_CRATER_BOWL_ASCENT_BASE,NODE_CRATER_BOWL_ASCENT_BASE_BUILD_UP,4,1,1
TC_CRATER_BOWL_ASCENT,SPINE_CRATER_BOWL_ASCENT_BASE,NODE_CRATER_BOWL_ASCENT_BASE_CORE,14,1,1
TC_CRATER_BOWL_ASCENT,SPINE_CRATER_BOWL_ASCENT_BASE,NODE_CRATER_BOWL_ASCENT_BASE_ENTRY,0,1,1
TC_CRATER_BOWL_ASCENT,SPINE_CRATER_BOWL_ASCENT_BASE,NODE_CRATER_BOWL_ASCENT_BASE_EXIT,34,7,1
TC_CRATER_BOWL_ASCENT,SPINE_CRATER_BOWL_ASCENT_BASE,NODE_CRATER_BOWL_ASCENT_BASE_RECOVERY,30,1,1
TC_CRATER_BOWL_ASCENT,SPINE_CRATER_BOWL_ASCENT_BASE,NODE_CRATER_BOWL_ASCENT_BASE_REWARD,17,2,0
TC_CRATER_BROKEN_SLOPE,SPINE_CRATER_BROKEN_SLOPE_ALT,NODE_CRATER_BROKEN_SLOPE_ALT_BUILD_UP,4,1,1
TC_CRATER_BROKEN_SLOPE,SPINE_CRATER_BROKEN_SLOPE_ALT,NODE_CRATER_BROKEN_SLOPE_ALT_CORE,14,1,1
TC_CRATER_BROKEN_SLOPE,SPINE_CRATER_BROKEN_SLOPE_ALT,NODE_CRATER_BROKEN_SLOPE_ALT_ENTRY,1,7,1
TC_CRATER_BROKEN_SLOPE,SPINE_CRATER_BROKEN_SLOPE_ALT,NODE_CRATER_BROKEN_SLOPE_ALT_EXIT,46,0,1
TC_CRATER_BROKEN_SLOPE,SPINE_CRATER_BROKEN_SLOPE_ALT,NODE_CRATER_BROKEN_SLOPE_ALT_HIGH,8,3,0
TC_CRATER_BROKEN_SLOPE,SPINE_CRATER_BROKEN_SLOPE_ALT,NODE_CRATER_BROKEN_SLOPE_ALT_RECOVERY,42,1,1
TC_CRATER_BROKEN_SLOPE,SPINE_CRATER_BROKEN_SLOPE_ALT,NODE_CRATER_BROKEN_SLOPE_ALT_REWARD,17,2,0
TC_CRATER_BROKEN_SLOPE,SPINE_CRATER_BROKEN_SLOPE_ALT,NODE_CRATER_BROKEN_SLOPE_ALT_TOUCH_2,26,1,1
TC_CRATER_BROKEN_SLOPE,SPINE_CRATER_BROKEN_SLOPE_BASE,NODE_CRATER_BROKEN_SLOPE_BASE_BUILD_UP,4,1,1
TC_CRATER_BROKEN_SLOPE,SPINE_CRATER_BROKEN_SLOPE_BASE,NODE_CRATER_BROKEN_SLOPE_BASE_CORE,14,1,1
TC_CRATER_BROKEN_SLOPE,SPINE_CRATER_BROKEN_SLOPE_BASE,NODE_CRATER_BROKEN_SLOPE_BASE_ENTRY,1,7,1
TC_CRATER_BROKEN_SLOPE,SPINE_CRATER_BROKEN_SLOPE_BASE,NODE_CRATER_BROKEN_SLOPE_BASE_EXIT,46,0,1
TC_CRATER_BROKEN_SLOPE,SPINE_CRATER_BROKEN_SLOPE_BASE,NODE_CRATER_BROKEN_SLOPE_BASE_RECOVERY,42,1,1
TC_CRATER_BROKEN_SLOPE,SPINE_CRATER_BROKEN_SLOPE_BASE,NODE_CRATER_BROKEN_SLOPE_BASE_REWARD,17,2,0
TC_CRATER_BROKEN_SLOPE,SPINE_CRATER_BROKEN_SLOPE_BASE,NODE_CRATER_BROKEN_SLOPE_BASE_TOUCH_2,26,1,1
TC_CRATER_QUIET_RIM,SPINE_CRATER_QUIET_RIM_ALT,NODE_CRATER_QUIET_RIM_ALT_BUILD_UP,4,1,1
TC_CRATER_QUIET_RIM,SPINE_CRATER_QUIET_RIM_ALT,NODE_CRATER_QUIET_RIM_ALT_CORE,14,1,1
TC_CRATER_QUIET_RIM,SPINE_CRATER_QUIET_RIM_ALT,NODE_CRATER_QUIET_RIM_ALT_ENTRY,0,1,1
TC_CRATER_QUIET_RIM,SPINE_CRATER_QUIET_RIM_ALT,NODE_CRATER_QUIET_RIM_ALT_EXIT,23,1,1
TC_CRATER_QUIET_RIM,SPINE_CRATER_QUIET_RIM_ALT,NODE_CRATER_QUIET_RIM_ALT_HIGH,8,3,0
TC_CRATER_QUIET_RIM,SPINE_CRATER_QUIET_RIM_ALT,NODE_CRATER_QUIET_RIM_ALT_RECOVERY,18,1,1
TC_CRATER_QUIET_RIM,SPINE_CRATER_QUIET_RIM_BASE,NODE_CRATER_QUIET_RIM_BASE_BUILD_UP,4,1,1
TC_CRATER_QUIET_RIM,SPINE_CRATER_QUIET_RIM_BASE,NODE_CRATER_QUIET_RIM_BASE_CORE,14,1,1
TC_CRATER_QUIET_RIM,SPINE_CRATER_QUIET_RIM_BASE,NODE_CRATER_QUIET_RIM_BASE_ENTRY,0,1,1
TC_CRATER_QUIET_RIM,SPINE_CRATER_QUIET_RIM_BASE,NODE_CRATER_QUIET_RIM_BASE_EXIT,23,1,1
TC_CRATER_QUIET_RIM,SPINE_CRATER_QUIET_RIM_BASE,NODE_CRATER_QUIET_RIM_BASE_RECOVERY,18,1,1
TC_CRATER_ROCK_SHELF_RECOVERY,SPINE_CRATER_ROCK_SHELF_RECOVERY_ALT,NODE_CRATER_ROCK_SHELF_RECOVERY_ALT_BUILD_UP,4,1,1
TC_CRATER_ROCK_SHELF_RECOVERY,SPINE_CRATER_ROCK_SHELF_RECOVERY_ALT,NODE_CRATER_ROCK_SHELF_RECOVERY_ALT_CORE,26,1,1
TC_CRATER_ROCK_SHELF_RECOVERY,SPINE_CRATER_ROCK_SHELF_RECOVERY_ALT,NODE_CRATER_ROCK_SHELF_RECOVERY_ALT_ENTRY,0,1,1
TC_CRATER_ROCK_SHELF_RECOVERY,SPINE_CRATER_ROCK_SHELF_RECOVERY_ALT,NODE_CRATER_ROCK_SHELF_RECOVERY_ALT_EXIT,46,8,1
TC_CRATER_ROCK_SHELF_RECOVERY,SPINE_CRATER_ROCK_SHELF_RECOVERY_ALT,NODE_CRATER_ROCK_SHELF_RECOVERY_ALT_HIGH,8,3,0
TC_CRATER_ROCK_SHELF_RECOVERY,SPINE_CRATER_ROCK_SHELF_RECOVERY_ALT,NODE_CRATER_ROCK_SHELF_RECOVERY_ALT_RECOVERY,42,9,1
TC_CRATER_ROCK_SHELF_RECOVERY,SPINE_CRATER_ROCK_SHELF_RECOVERY_ALT,NODE_CRATER_ROCK_SHELF_RECOVERY_ALT_REWARD,29,2,0
TC_CRATER_ROCK_SHELF_RECOVERY,SPINE_CRATER_ROCK_SHELF_RECOVERY_ALT,NODE_CRATER_ROCK_SHELF_RECOVERY_ALT_TOUCH_1,14,1,1
TC_CRATER_ROCK_SHELF_RECOVERY,SPINE_CRATER_ROCK_SHELF_RECOVERY_ALT,NODE_CRATER_ROCK_SHELF_RECOVERY_ALT_TOUCH_3,26,9,1
TC_CRATER_ROCK_SHELF_RECOVERY,SPINE_CRATER_ROCK_SHELF_RECOVERY_BASE,NODE_CRATER_ROCK_SHELF_RECOVERY_BASE_BUILD_UP,4,1,1
TC_CRATER_ROCK_SHELF_RECOVERY,SPINE_CRATER_ROCK_SHELF_RECOVERY_BASE,NODE_CRATER_ROCK_SHELF_RECOVERY_BASE_CORE,26,1,1
TC_CRATER_ROCK_SHELF_RECOVERY,SPINE_CRATER_ROCK_SHELF_RECOVERY_BASE,NODE_CRATER_ROCK_SHELF_RECOVERY_BASE_ENTRY,0,1,1
TC_CRATER_ROCK_SHELF_RECOVERY,SPINE_CRATER_ROCK_SHELF_RECOVERY_BASE,NODE_CRATER_ROCK_SHELF_RECOVERY_BASE_EXIT,46,8,1
TC_CRATER_ROCK_SHELF_RECOVERY,SPINE_CRATER_ROCK_SHELF_RECOVERY_BASE,NODE_CRATER_ROCK_SHELF_RECOVERY_BASE_RECOVERY,42,9,1
TC_CRATER_ROCK_SHELF_RECOVERY,SPINE_CRATER_ROCK_SHELF_RECOVERY_BASE,NODE_CRATER_ROCK_SHELF_RECOVERY_BASE_REWARD,29,2,0
TC_CRATER_ROCK_SHELF_RECOVERY,SPINE_CRATER_ROCK_SHELF_RECOVERY_BASE,NODE_CRATER_ROCK_SHELF_RECOVERY_BASE_TOUCH_1,14,1,1
TC_CRATER_ROCK_SHELF_RECOVERY,SPINE_CRATER_ROCK_SHELF_RECOVERY_BASE,NODE_CRATER_ROCK_SHELF_RECOVERY_BASE_TOUCH_3,26,9,1
TC_DOUGH_BOUNCE_CUP,SPINE_DOUGH_BOUNCE_CUP_ALT,NODE_DOUGH_BOUNCE_CUP_ALT_BUILD_UP,4,1,1
TC_DOUGH_BOUNCE_CUP,SPINE_DOUGH_BOUNCE_CUP_ALT,NODE_DOUGH_BOUNCE_CUP_ALT_CORE,14,1,1
TC_DOUGH_BOUNCE_CUP,SPINE_DOUGH_BOUNCE_CUP_ALT,NODE_DOUGH_BOUNCE_CUP_ALT_ENTRY,0,1,1
TC_DOUGH_BOUNCE_CUP,SPINE_DOUGH_BOUNCE_CUP_ALT,NODE_DOUGH_BOUNCE_CUP_ALT_EXIT,34,7,1
TC_DOUGH_BOUNCE_CUP,SPINE_DOUGH_BOUNCE_CUP_ALT,NODE_DOUGH_BOUNCE_CUP_ALT_HIGH,8,6,0
TC_DOUGH_BOUNCE_CUP,SPINE_DOUGH_BOUNCE_CUP_ALT,NODE_DOUGH_BOUNCE_CUP_ALT_RECOVERY,30,1,1
TC_DOUGH_BOUNCE_CUP,SPINE_DOUGH_BOUNCE_CUP_ALT,NODE_DOUGH_BOUNCE_CUP_ALT_REWARD,17,2,0
TC_DOUGH_BOUNCE_CUP,SPINE_DOUGH_BOUNCE_CUP_BASE,NODE_DOUGH_BOUNCE_CUP_BASE_BUILD_UP,4,1,1
TC_DOUGH_BOUNCE_CUP,SPINE_DOUGH_BOUNCE_CUP_BASE,NODE_DOUGH_BOUNCE_CUP_BASE_CORE,14,1,1
TC_DOUGH_BOUNCE_CUP,SPINE_DOUGH_BOUNCE_CUP_BASE,NODE_DOUGH_BOUNCE_CUP_BASE_ENTRY,0,1,1
TC_DOUGH_BOUNCE_CUP,SPINE_DOUGH_BOUNCE_CUP_BASE,NODE_DOUGH_BOUNCE_CUP_BASE_EXIT,34,7,1
TC_DOUGH_BOUNCE_CUP,SPINE_DOUGH_BOUNCE_CUP_BASE,NODE_DOUGH_BOUNCE_CUP_BASE_RECOVERY,30,1,1
TC_DOUGH_BOUNCE_CUP,SPINE_DOUGH_BOUNCE_CUP_BASE,NODE_DOUGH_BOUNCE_CUP_BASE_REWARD,17,2,0
TC_DOUGH_QUIET_SHELF,SPINE_DOUGH_QUIET_SHELF_ALT,NODE_DOUGH_QUIET_SHELF_ALT_BUILD_UP,4,1,1
TC_DOUGH_QUIET_SHELF,SPINE_DOUGH_QUIET_SHELF_ALT,NODE_DOUGH_QUIET_SHELF_ALT_CORE,14,1,1
TC_DOUGH_QUIET_SHELF,SPINE_DOUGH_QUIET_SHELF_ALT,NODE_DOUGH_QUIET_SHELF_ALT_ENTRY,0,1,1
TC_DOUGH_QUIET_SHELF,SPINE_DOUGH_QUIET_SHELF_ALT,NODE_DOUGH_QUIET_SHELF_ALT_EXIT,23,1,1
TC_DOUGH_QUIET_SHELF,SPINE_DOUGH_QUIET_SHELF_ALT,NODE_DOUGH_QUIET_SHELF_ALT_HIGH,8,6,0
TC_DOUGH_QUIET_SHELF,SPINE_DOUGH_QUIET_SHELF_ALT,NODE_DOUGH_QUIET_SHELF_ALT_RECOVERY,18,1,1
TC_DOUGH_QUIET_SHELF,SPINE_DOUGH_QUIET_SHELF_BASE,NODE_DOUGH_QUIET_SHELF_BASE_BUILD_UP,4,1,1
TC_DOUGH_QUIET_SHELF,SPINE_DOUGH_QUIET_SHELF_BASE,NODE_DOUGH_QUIET_SHELF_BASE_CORE,14,1,1
TC_DOUGH_QUIET_SHELF,SPINE_DOUGH_QUIET_SHELF_BASE,NODE_DOUGH_QUIET_SHELF_BASE_ENTRY,0,1,1
TC_DOUGH_QUIET_SHELF,SPINE_DOUGH_QUIET_SHELF_BASE,NODE_DOUGH_QUIET_SHELF_BASE_EXIT,23,1,1
TC_DOUGH_QUIET_SHELF,SPINE_DOUGH_QUIET_SHELF_BASE,NODE_DOUGH_QUIET_SHELF_BASE_RECOVERY,18,1,1
TC_DOUGH_SOFT_POCKET,SPINE_DOUGH_SOFT_POCKET_ALT,NODE_DOUGH_SOFT_POCKET_ALT_BUILD_UP,4,1,1
TC_DOUGH_SOFT_POCKET,SPINE_DOUGH_SOFT_POCKET_ALT,NODE_DOUGH_SOFT_POCKET_ALT_CORE,14,1,1
TC_DOUGH_SOFT_POCKET,SPINE_DOUGH_SOFT_POCKET_ALT,NODE_DOUGH_SOFT_POCKET_ALT_ENTRY,1,7,1
TC_DOUGH_SOFT_POCKET,SPINE_DOUGH_SOFT_POCKET_ALT,NODE_DOUGH_SOFT_POCKET_ALT_EXIT,46,0,1
TC_DOUGH_SOFT_POCKET,SPINE_DOUGH_SOFT_POCKET_ALT,NODE_DOUGH_SOFT_POCKET_ALT_HIGH,8,6,0
TC_DOUGH_SOFT_POCKET,SPINE_DOUGH_SOFT_POCKET_ALT,NODE_DOUGH_SOFT_POCKET_ALT_RECOVERY,42,1,1
TC_DOUGH_SOFT_POCKET,SPINE_DOUGH_SOFT_POCKET_ALT,NODE_DOUGH_SOFT_POCKET_ALT_REWARD,17,2,0
TC_DOUGH_SOFT_POCKET,SPINE_DOUGH_SOFT_POCKET_ALT,NODE_DOUGH_SOFT_POCKET_ALT_TOUCH_2,26,1,1
TC_DOUGH_SOFT_POCKET,SPINE_DOUGH_SOFT_POCKET_BASE,NODE_DOUGH_SOFT_POCKET_BASE_BUILD_UP,4,1,1
TC_DOUGH_SOFT_POCKET,SPINE_DOUGH_SOFT_POCKET_BASE,NODE_DOUGH_SOFT_POCKET_BASE_CORE,14,1,1
TC_DOUGH_SOFT_POCKET,SPINE_DOUGH_SOFT_POCKET_BASE,NODE_DOUGH_SOFT_POCKET_BASE_ENTRY,1,7,1
TC_DOUGH_SOFT_POCKET,SPINE_DOUGH_SOFT_POCKET_BASE,NODE_DOUGH_SOFT_POCKET_BASE_EXIT,46,0,1
TC_DOUGH_SOFT_POCKET,SPINE_DOUGH_SOFT_POCKET_BASE,NODE_DOUGH_SOFT_POCKET_BASE_RECOVERY,42,1,1
TC_DOUGH_SOFT_POCKET,SPINE_DOUGH_SOFT_POCKET_BASE,NODE_DOUGH_SOFT_POCKET_BASE_REWARD,17,2,0
TC_DOUGH_SOFT_POCKET,SPINE_DOUGH_SOFT_POCKET_BASE,NODE_DOUGH_SOFT_POCKET_BASE_TOUCH_2,26,1,1
TC_DOUGH_STICKY_RISE_RECOVERY,SPINE_DOUGH_STICKY_RISE_RECOVERY_ALT,NODE_DOUGH_STICKY_RISE_RECOVERY_ALT_BUILD_UP,4,1,1
TC_DOUGH_STICKY_RISE_RECOVERY,SPINE_DOUGH_STICKY_RISE_RECOVERY_ALT,NODE_DOUGH_STICKY_RISE_RECOVERY_ALT_CORE,14,9,1
TC_DOUGH_STICKY_RISE_RECOVERY,SPINE_DOUGH_STICKY_RISE_RECOVERY_ALT,NODE_DOUGH_STICKY_RISE_RECOVERY_ALT_ENTRY,0,1,1
TC_DOUGH_STICKY_RISE_RECOVERY,SPINE_DOUGH_STICKY_RISE_RECOVERY_ALT,NODE_DOUGH_STICKY_RISE_RECOVERY_ALT_EXIT,34,16,1
TC_DOUGH_STICKY_RISE_RECOVERY,SPINE_DOUGH_STICKY_RISE_RECOVERY_ALT,NODE_DOUGH_STICKY_RISE_RECOVERY_ALT_HIGH,8,6,0
TC_DOUGH_STICKY_RISE_RECOVERY,SPINE_DOUGH_STICKY_RISE_RECOVERY_ALT,NODE_DOUGH_STICKY_RISE_RECOVERY_ALT_RECOVERY,30,17,1
TC_DOUGH_STICKY_RISE_RECOVERY,SPINE_DOUGH_STICKY_RISE_RECOVERY_ALT,NODE_DOUGH_STICKY_RISE_RECOVERY_ALT_REWARD,17,10,0
TC_DOUGH_STICKY_RISE_RECOVERY,SPINE_DOUGH_STICKY_RISE_RECOVERY_ALT,NODE_DOUGH_STICKY_RISE_RECOVERY_ALT_TOUCH_1,2,9,1
TC_DOUGH_STICKY_RISE_RECOVERY,SPINE_DOUGH_STICKY_RISE_RECOVERY_ALT,NODE_DOUGH_STICKY_RISE_RECOVERY_ALT_TOUCH_3,14,17,1
TC_DOUGH_STICKY_RISE_RECOVERY,SPINE_DOUGH_STICKY_RISE_RECOVERY_BASE,NODE_DOUGH_STICKY_RISE_RECOVERY_BASE_BUILD_UP,4,1,1
TC_DOUGH_STICKY_RISE_RECOVERY,SPINE_DOUGH_STICKY_RISE_RECOVERY_BASE,NODE_DOUGH_STICKY_RISE_RECOVERY_BASE_CORE,14,9,1
TC_DOUGH_STICKY_RISE_RECOVERY,SPINE_DOUGH_STICKY_RISE_RECOVERY_BASE,NODE_DOUGH_STICKY_RISE_RECOVERY_BASE_ENTRY,0,1,1
TC_DOUGH_STICKY_RISE_RECOVERY,SPINE_DOUGH_STICKY_RISE_RECOVERY_BASE,NODE_DOUGH_STICKY_RISE_RECOVERY_BASE_EXIT,34,16,1
TC_DOUGH_STICKY_RISE_RECOVERY,SPINE_DOUGH_STICKY_RISE_RECOVERY_BASE,NODE_DOUGH_STICKY_RISE_RECOVERY_BASE_RECOVERY,30,17,1
TC_DOUGH_STICKY_RISE_RECOVERY,SPINE_DOUGH_STICKY_RISE_RECOVERY_BASE,NODE_DOUGH_STICKY_RISE_RECOVERY_BASE_REWARD,17,10,0
TC_DOUGH_STICKY_RISE_RECOVERY,SPINE_DOUGH_STICKY_RISE_RECOVERY_BASE,NODE_DOUGH_STICKY_RISE_RECOVERY_BASE_TOUCH_1,2,9,1
TC_DOUGH_STICKY_RISE_RECOVERY,SPINE_DOUGH_STICKY_RISE_RECOVERY_BASE,NODE_DOUGH_STICKY_RISE_RECOVERY_BASE_TOUCH_3,14,17,1
TC_MILL_BEAM_OVERHANG,SPINE_MILL_BEAM_OVERHANG_ALT,NODE_MILL_BEAM_OVERHANG_ALT_BUILD_UP,4,1,1
TC_MILL_BEAM_OVERHANG,SPINE_MILL_BEAM_OVERHANG_ALT,NODE_MILL_BEAM_OVERHANG_ALT_CORE,14,1,1
TC_MILL_BEAM_OVERHANG,SPINE_MILL_BEAM_OVERHANG_ALT,NODE_MILL_BEAM_OVERHANG_ALT_ENTRY,0,1,1
TC_MILL_BEAM_OVERHANG,SPINE_MILL_BEAM_OVERHANG_ALT,NODE_MILL_BEAM_OVERHANG_ALT_EXIT,34,7,1
TC_MILL_BEAM_OVERHANG,SPINE_MILL_BEAM_OVERHANG_ALT,NODE_MILL_BEAM_OVERHANG_ALT_HIGH,8,5,0
TC_MILL_BEAM_OVERHANG,SPINE_MILL_BEAM_OVERHANG_ALT,NODE_MILL_BEAM_OVERHANG_ALT_RECOVERY,30,1,1
TC_MILL_BEAM_OVERHANG,SPINE_MILL_BEAM_OVERHANG_ALT,NODE_MILL_BEAM_OVERHANG_ALT_REWARD,17,2,0
TC_MILL_BEAM_OVERHANG,SPINE_MILL_BEAM_OVERHANG_BASE,NODE_MILL_BEAM_OVERHANG_BASE_BUILD_UP,4,1,1
TC_MILL_BEAM_OVERHANG,SPINE_MILL_BEAM_OVERHANG_BASE,NODE_MILL_BEAM_OVERHANG_BASE_CORE,14,1,1
TC_MILL_BEAM_OVERHANG,SPINE_MILL_BEAM_OVERHANG_BASE,NODE_MILL_BEAM_OVERHANG_BASE_ENTRY,0,1,1
TC_MILL_BEAM_OVERHANG,SPINE_MILL_BEAM_OVERHANG_BASE,NODE_MILL_BEAM_OVERHANG_BASE_EXIT,34,7,1
TC_MILL_BEAM_OVERHANG,SPINE_MILL_BEAM_OVERHANG_BASE,NODE_MILL_BEAM_OVERHANG_BASE_RECOVERY,30,1,1
TC_MILL_BEAM_OVERHANG,SPINE_MILL_BEAM_OVERHANG_BASE,NODE_MILL_BEAM_OVERHANG_BASE_REWARD,17,2,0
TC_MILL_BROKEN_PILLAR,SPINE_MILL_BROKEN_PILLAR_ALT,NODE_MILL_BROKEN_PILLAR_ALT_BUILD_UP,4,1,1
TC_MILL_BROKEN_PILLAR,SPINE_MILL_BROKEN_PILLAR_ALT,NODE_MILL_BROKEN_PILLAR_ALT_CORE,14,1,1
TC_MILL_BROKEN_PILLAR,SPINE_MILL_BROKEN_PILLAR_ALT,NODE_MILL_BROKEN_PILLAR_ALT_ENTRY,1,7,1
TC_MILL_BROKEN_PILLAR,SPINE_MILL_BROKEN_PILLAR_ALT,NODE_MILL_BROKEN_PILLAR_ALT_EXIT,46,0,1
TC_MILL_BROKEN_PILLAR,SPINE_MILL_BROKEN_PILLAR_ALT,NODE_MILL_BROKEN_PILLAR_ALT_HIGH,8,5,0
TC_MILL_BROKEN_PILLAR,SPINE_MILL_BROKEN_PILLAR_ALT,NODE_MILL_BROKEN_PILLAR_ALT_RECOVERY,42,1,1
TC_MILL_BROKEN_PILLAR,SPINE_MILL_BROKEN_PILLAR_ALT,NODE_MILL_BROKEN_PILLAR_ALT_REWARD,17,2,0
TC_MILL_BROKEN_PILLAR,SPINE_MILL_BROKEN_PILLAR_ALT,NODE_MILL_BROKEN_PILLAR_ALT_TOUCH_2,26,1,1
TC_MILL_BROKEN_PILLAR,SPINE_MILL_BROKEN_PILLAR_BASE,NODE_MILL_BROKEN_PILLAR_BASE_BUILD_UP,4,1,1
TC_MILL_BROKEN_PILLAR,SPINE_MILL_BROKEN_PILLAR_BASE,NODE_MILL_BROKEN_PILLAR_BASE_CORE,14,1,1
TC_MILL_BROKEN_PILLAR,SPINE_MILL_BROKEN_PILLAR_BASE,NODE_MILL_BROKEN_PILLAR_BASE_ENTRY,1,7,1
TC_MILL_BROKEN_PILLAR,SPINE_MILL_BROKEN_PILLAR_BASE,NODE_MILL_BROKEN_PILLAR_BASE_EXIT,46,0,1
TC_MILL_BROKEN_PILLAR,SPINE_MILL_BROKEN_PILLAR_BASE,NODE_MILL_BROKEN_PILLAR_BASE_RECOVERY,42,1,1
TC_MILL_BROKEN_PILLAR,SPINE_MILL_BROKEN_PILLAR_BASE,NODE_MILL_BROKEN_PILLAR_BASE_REWARD,17,2,0
TC_MILL_BROKEN_PILLAR,SPINE_MILL_BROKEN_PILLAR_BASE,NODE_MILL_BROKEN_PILLAR_BASE_TOUCH_2,26,1,1
TC_MILL_ORTHOGONAL_SHAFT_RECOVERY,SPINE_MILL_ORTHOGONAL_SHAFT_RECOVERY_ALT,NODE_MILL_ORTHOGONAL_SHAFT_RECOVERY_ALT_BUILD_UP,4,17,1
TC_MILL_ORTHOGONAL_SHAFT_RECOVERY,SPINE_MILL_ORTHOGONAL_SHAFT_RECOVERY_ALT,NODE_MILL_ORTHOGONAL_SHAFT_RECOVERY_ALT_CORE,14,9,1
TC_MILL_ORTHOGONAL_SHAFT_RECOVERY,SPINE_MILL_ORTHOGONAL_SHAFT_RECOVERY_ALT,NODE_MILL_ORTHOGONAL_SHAFT_RECOVERY_ALT_ENTRY,0,17,1
TC_MILL_ORTHOGONAL_SHAFT_RECOVERY,SPINE_MILL_ORTHOGONAL_SHAFT_RECOVERY_ALT,NODE_MILL_ORTHOGONAL_SHAFT_RECOVERY_ALT_EXIT,34,0,1
TC_MILL_ORTHOGONAL_SHAFT_RECOVERY,SPINE_MILL_ORTHOGONAL_SHAFT_RECOVERY_ALT,NODE_MILL_ORTHOGONAL_SHAFT_RECOVERY_ALT_HIGH,8,21,0
TC_MILL_ORTHOGONAL_SHAFT_RECOVERY,SPINE_MILL_ORTHOGONAL_SHAFT_RECOVERY_ALT,NODE_MILL_ORTHOGONAL_SHAFT_RECOVERY_ALT_RECOVERY,30,1,1
TC_MILL_ORTHOGONAL_SHAFT_RECOVERY,SPINE_MILL_ORTHOGONAL_SHAFT_RECOVERY_ALT,NODE_MILL_ORTHOGONAL_SHAFT_RECOVERY_ALT_REWARD,17,10,0
TC_MILL_ORTHOGONAL_SHAFT_RECOVERY,SPINE_MILL_ORTHOGONAL_SHAFT_RECOVERY_ALT,NODE_MILL_ORTHOGONAL_SHAFT_RECOVERY_ALT_TOUCH_1,14,1,1
TC_MILL_ORTHOGONAL_SHAFT_RECOVERY,SPINE_MILL_ORTHOGONAL_SHAFT_RECOVERY_ALT,NODE_MILL_ORTHOGONAL_SHAFT_RECOVERY_ALT_TOUCH_3,14,17,1
TC_MILL_ORTHOGONAL_SHAFT_RECOVERY,SPINE_MILL_ORTHOGONAL_SHAFT_RECOVERY_BASE,NODE_MILL_ORTHOGONAL_SHAFT_RECOVERY_BASE_BUILD_UP,4,17,1
TC_MILL_ORTHOGONAL_SHAFT_RECOVERY,SPINE_MILL_ORTHOGONAL_SHAFT_RECOVERY_BASE,NODE_MILL_ORTHOGONAL_SHAFT_RECOVERY_BASE_CORE,14,9,1
TC_MILL_ORTHOGONAL_SHAFT_RECOVERY,SPINE_MILL_ORTHOGONAL_SHAFT_RECOVERY_BASE,NODE_MILL_ORTHOGONAL_SHAFT_RECOVERY_BASE_ENTRY,0,17,1
TC_MILL_ORTHOGONAL_SHAFT_RECOVERY,SPINE_MILL_ORTHOGONAL_SHAFT_RECOVERY_BASE,NODE_MILL_ORTHOGONAL_SHAFT_RECOVERY_BASE_EXIT,34,0,1
TC_MILL_ORTHOGONAL_SHAFT_RECOVERY,SPINE_MILL_ORTHOGONAL_SHAFT_RECOVERY_BASE,NODE_MILL_ORTHOGONAL_SHAFT_RECOVERY_BASE_RECOVERY,30,1,1
TC_MILL_ORTHOGONAL_SHAFT_RECOVERY,SPINE_MILL_ORTHOGONAL_SHAFT_RECOVERY_BASE,NODE_MILL_ORTHOGONAL_SHAFT_RECOVERY_BASE_REWARD,17,10,0
TC_MILL_ORTHOGONAL_SHAFT_RECOVERY,SPINE_MILL_ORTHOGONAL_SHAFT_RECOVERY_BASE,NODE_MILL_ORTHOGONAL_SHAFT_RECOVERY_BASE_TOUCH_1,14,1,1
TC_MILL_ORTHOGONAL_SHAFT_RECOVERY,SPINE_MILL_ORTHOGONAL_SHAFT_RECOVERY_BASE,NODE_MILL_ORTHOGONAL_SHAFT_RECOVERY_BASE_TOUCH_3,14,17,1
TC_MILL_QUIET_BEAM,SPINE_MILL_QUIET_BEAM_ALT,NODE_MILL_QUIET_BEAM_ALT_BUILD_UP,4,1,1
TC_MILL_QUIET_BEAM,SPINE_MILL_QUIET_BEAM_ALT,NODE_MILL_QUIET_BEAM_ALT_CORE,14,1,1
TC_MILL_QUIET_BEAM,SPINE_MILL_QUIET_BEAM_ALT,NODE_MILL_QUIET_BEAM_ALT_ENTRY,0,1,1
TC_MILL_QUIET_BEAM,SPINE_MILL_QUIET_BEAM_ALT,NODE_MILL_QUIET_BEAM_ALT_EXIT,23,1,1
TC_MILL_QUIET_BEAM,SPINE_MILL_QUIET_BEAM_ALT,NODE_MILL_QUIET_BEAM_ALT_HIGH,8,5,0
TC_MILL_QUIET_BEAM,SPINE_MILL_QUIET_BEAM_ALT,NODE_MILL_QUIET_BEAM_ALT_RECOVERY,18,1,1
TC_MILL_QUIET_BEAM,SPINE_MILL_QUIET_BEAM_BASE,NODE_MILL_QUIET_BEAM_BASE_BUILD_UP,4,1,1
TC_MILL_QUIET_BEAM,SPINE_MILL_QUIET_BEAM_BASE,NODE_MILL_QUIET_BEAM_BASE_CORE,14,1,1
TC_MILL_QUIET_BEAM,SPINE_MILL_QUIET_BEAM_BASE,NODE_MILL_QUIET_BEAM_BASE_ENTRY,0,1,1
TC_MILL_QUIET_BEAM,SPINE_MILL_QUIET_BEAM_BASE,NODE_MILL_QUIET_BEAM_BASE_EXIT,23,1,1
TC_MILL_QUIET_BEAM,SPINE_MILL_QUIET_BEAM_BASE,NODE_MILL_QUIET_BEAM_BASE_RECOVERY,18,1,1
TC_ROOT_FORKED_CANOPY_RECOVERY,SPINE_ROOT_FORKED_CANOPY_RECOVERY_ALT,NODE_ROOT_FORKED_CANOPY_RECOVERY_ALT_BUILD_UP,4,9,1
TC_ROOT_FORKED_CANOPY_RECOVERY,SPINE_ROOT_FORKED_CANOPY_RECOVERY_ALT,NODE_ROOT_FORKED_CANOPY_RECOVERY_ALT_CORE,14,9,1
TC_ROOT_FORKED_CANOPY_RECOVERY,SPINE_ROOT_FORKED_CANOPY_RECOVERY_ALT,NODE_ROOT_FORKED_CANOPY_RECOVERY_ALT_ENTRY,0,9,1
TC_ROOT_FORKED_CANOPY_RECOVERY,SPINE_ROOT_FORKED_CANOPY_RECOVERY_ALT,NODE_ROOT_FORKED_CANOPY_RECOVERY_ALT_EXIT,34,8,1
TC_ROOT_FORKED_CANOPY_RECOVERY,SPINE_ROOT_FORKED_CANOPY_RECOVERY_ALT,NODE_ROOT_FORKED_CANOPY_RECOVERY_ALT_HIGH,8,12,0
TC_ROOT_FORKED_CANOPY_RECOVERY,SPINE_ROOT_FORKED_CANOPY_RECOVERY_ALT,NODE_ROOT_FORKED_CANOPY_RECOVERY_ALT_RECOVERY,30,9,1
TC_ROOT_FORKED_CANOPY_RECOVERY,SPINE_ROOT_FORKED_CANOPY_RECOVERY_ALT,NODE_ROOT_FORKED_CANOPY_RECOVERY_ALT_REWARD,17,10,0
TC_ROOT_FORKED_CANOPY_RECOVERY,SPINE_ROOT_FORKED_CANOPY_RECOVERY_ALT,NODE_ROOT_FORKED_CANOPY_RECOVERY_ALT_TOUCH_1,14,1,1
TC_ROOT_FORKED_CANOPY_RECOVERY,SPINE_ROOT_FORKED_CANOPY_RECOVERY_ALT,NODE_ROOT_FORKED_CANOPY_RECOVERY_ALT_TOUCH_3,14,17,1
TC_ROOT_FORKED_CANOPY_RECOVERY,SPINE_ROOT_FORKED_CANOPY_RECOVERY_BASE,NODE_ROOT_FORKED_CANOPY_RECOVERY_BASE_BUILD_UP,4,9,1
TC_ROOT_FORKED_CANOPY_RECOVERY,SPINE_ROOT_FORKED_CANOPY_RECOVERY_BASE,NODE_ROOT_FORKED_CANOPY_RECOVERY_BASE_CORE,14,9,1
TC_ROOT_FORKED_CANOPY_RECOVERY,SPINE_ROOT_FORKED_CANOPY_RECOVERY_BASE,NODE_ROOT_FORKED_CANOPY_RECOVERY_BASE_ENTRY,0,9,1
TC_ROOT_FORKED_CANOPY_RECOVERY,SPINE_ROOT_FORKED_CANOPY_RECOVERY_BASE,NODE_ROOT_FORKED_CANOPY_RECOVERY_BASE_EXIT,34,8,1
TC_ROOT_FORKED_CANOPY_RECOVERY,SPINE_ROOT_FORKED_CANOPY_RECOVERY_BASE,NODE_ROOT_FORKED_CANOPY_RECOVERY_BASE_RECOVERY,30,9,1
TC_ROOT_FORKED_CANOPY_RECOVERY,SPINE_ROOT_FORKED_CANOPY_RECOVERY_BASE,NODE_ROOT_FORKED_CANOPY_RECOVERY_BASE_REWARD,17,10,0
TC_ROOT_FORKED_CANOPY_RECOVERY,SPINE_ROOT_FORKED_CANOPY_RECOVERY_BASE,NODE_ROOT_FORKED_CANOPY_RECOVERY_BASE_TOUCH_1,14,1,1
TC_ROOT_FORKED_CANOPY_RECOVERY,SPINE_ROOT_FORKED_CANOPY_RECOVERY_BASE,NODE_ROOT_FORKED_CANOPY_RECOVERY_BASE_TOUCH_3,14,17,1
TC_ROOT_HOLLOW_POCKET,SPINE_ROOT_HOLLOW_POCKET_ALT,NODE_ROOT_HOLLOW_POCKET_ALT_BUILD_UP,4,1,1
TC_ROOT_HOLLOW_POCKET,SPINE_ROOT_HOLLOW_POCKET_ALT,NODE_ROOT_HOLLOW_POCKET_ALT_CORE,14,1,1
TC_ROOT_HOLLOW_POCKET,SPINE_ROOT_HOLLOW_POCKET_ALT,NODE_ROOT_HOLLOW_POCKET_ALT_ENTRY,0,1,1
TC_ROOT_HOLLOW_POCKET,SPINE_ROOT_HOLLOW_POCKET_ALT,NODE_ROOT_HOLLOW_POCKET_ALT_EXIT,34,7,1
TC_ROOT_HOLLOW_POCKET,SPINE_ROOT_HOLLOW_POCKET_ALT,NODE_ROOT_HOLLOW_POCKET_ALT_HIGH,8,4,0
TC_ROOT_HOLLOW_POCKET,SPINE_ROOT_HOLLOW_POCKET_ALT,NODE_ROOT_HOLLOW_POCKET_ALT_RECOVERY,30,1,1
TC_ROOT_HOLLOW_POCKET,SPINE_ROOT_HOLLOW_POCKET_ALT,NODE_ROOT_HOLLOW_POCKET_ALT_REWARD,17,2,0
TC_ROOT_HOLLOW_POCKET,SPINE_ROOT_HOLLOW_POCKET_BASE,NODE_ROOT_HOLLOW_POCKET_BASE_BUILD_UP,4,1,1
TC_ROOT_HOLLOW_POCKET,SPINE_ROOT_HOLLOW_POCKET_BASE,NODE_ROOT_HOLLOW_POCKET_BASE_CORE,14,1,1
TC_ROOT_HOLLOW_POCKET,SPINE_ROOT_HOLLOW_POCKET_BASE,NODE_ROOT_HOLLOW_POCKET_BASE_ENTRY,0,1,1
TC_ROOT_HOLLOW_POCKET,SPINE_ROOT_HOLLOW_POCKET_BASE,NODE_ROOT_HOLLOW_POCKET_BASE_EXIT,34,7,1
TC_ROOT_HOLLOW_POCKET,SPINE_ROOT_HOLLOW_POCKET_BASE,NODE_ROOT_HOLLOW_POCKET_BASE_RECOVERY,30,1,1
TC_ROOT_HOLLOW_POCKET,SPINE_ROOT_HOLLOW_POCKET_BASE,NODE_ROOT_HOLLOW_POCKET_BASE_REWARD,17,2,0
TC_ROOT_QUIET_ARCH,SPINE_ROOT_QUIET_ARCH_ALT,NODE_ROOT_QUIET_ARCH_ALT_BUILD_UP,4,1,1
TC_ROOT_QUIET_ARCH,SPINE_ROOT_QUIET_ARCH_ALT,NODE_ROOT_QUIET_ARCH_ALT_CORE,14,1,1
TC_ROOT_QUIET_ARCH,SPINE_ROOT_QUIET_ARCH_ALT,NODE_ROOT_QUIET_ARCH_ALT_ENTRY,0,1,1
TC_ROOT_QUIET_ARCH,SPINE_ROOT_QUIET_ARCH_ALT,NODE_ROOT_QUIET_ARCH_ALT_EXIT,23,1,1
TC_ROOT_QUIET_ARCH,SPINE_ROOT_QUIET_ARCH_ALT,NODE_ROOT_QUIET_ARCH_ALT_HIGH,8,4,0
TC_ROOT_QUIET_ARCH,SPINE_ROOT_QUIET_ARCH_ALT,NODE_ROOT_QUIET_ARCH_ALT_RECOVERY,18,1,1
TC_ROOT_QUIET_ARCH,SPINE_ROOT_QUIET_ARCH_BASE,NODE_ROOT_QUIET_ARCH_BASE_BUILD_UP,4,1,1
TC_ROOT_QUIET_ARCH,SPINE_ROOT_QUIET_ARCH_BASE,NODE_ROOT_QUIET_ARCH_BASE_CORE,14,1,1
TC_ROOT_QUIET_ARCH,SPINE_ROOT_QUIET_ARCH_BASE,NODE_ROOT_QUIET_ARCH_BASE_ENTRY,0,1,1
TC_ROOT_QUIET_ARCH,SPINE_ROOT_QUIET_ARCH_BASE,NODE_ROOT_QUIET_ARCH_BASE_EXIT,23,1,1
TC_ROOT_QUIET_ARCH,SPINE_ROOT_QUIET_ARCH_BASE,NODE_ROOT_QUIET_ARCH_BASE_RECOVERY,18,1,1
TC_ROOT_VERTICAL_TUNNEL,SPINE_ROOT_VERTICAL_TUNNEL_ALT,NODE_ROOT_VERTICAL_TUNNEL_ALT_BUILD_UP,4,1,1
TC_ROOT_VERTICAL_TUNNEL,SPINE_ROOT_VERTICAL_TUNNEL_ALT,NODE_ROOT_VERTICAL_TUNNEL_ALT_CORE,14,1,1
TC_ROOT_VERTICAL_TUNNEL,SPINE_ROOT_VERTICAL_TUNNEL_ALT,NODE_ROOT_VERTICAL_TUNNEL_ALT_ENTRY,1,7,1
TC_ROOT_VERTICAL_TUNNEL,SPINE_ROOT_VERTICAL_TUNNEL_ALT,NODE_ROOT_VERTICAL_TUNNEL_ALT_EXIT,46,0,1
TC_ROOT_VERTICAL_TUNNEL,SPINE_ROOT_VERTICAL_TUNNEL_ALT,NODE_ROOT_VERTICAL_TUNNEL_ALT_HIGH,8,4,0
TC_ROOT_VERTICAL_TUNNEL,SPINE_ROOT_VERTICAL_TUNNEL_ALT,NODE_ROOT_VERTICAL_TUNNEL_ALT_RECOVERY,42,1,1
TC_ROOT_VERTICAL_TUNNEL,SPINE_ROOT_VERTICAL_TUNNEL_ALT,NODE_ROOT_VERTICAL_TUNNEL_ALT_REWARD,17,2,0
TC_ROOT_VERTICAL_TUNNEL,SPINE_ROOT_VERTICAL_TUNNEL_ALT,NODE_ROOT_VERTICAL_TUNNEL_ALT_TOUCH_2,26,1,1
TC_ROOT_VERTICAL_TUNNEL,SPINE_ROOT_VERTICAL_TUNNEL_BASE,NODE_ROOT_VERTICAL_TUNNEL_BASE_BUILD_UP,4,1,1
TC_ROOT_VERTICAL_TUNNEL,SPINE_ROOT_VERTICAL_TUNNEL_BASE,NODE_ROOT_VERTICAL_TUNNEL_BASE_CORE,14,1,1
TC_ROOT_VERTICAL_TUNNEL,SPINE_ROOT_VERTICAL_TUNNEL_BASE,NODE_ROOT_VERTICAL_TUNNEL_BASE_ENTRY,1,7,1
TC_ROOT_VERTICAL_TUNNEL,SPINE_ROOT_VERTICAL_TUNNEL_BASE,NODE_ROOT_VERTICAL_TUNNEL_BASE_EXIT,46,0,1
TC_ROOT_VERTICAL_TUNNEL,SPINE_ROOT_VERTICAL_TUNNEL_BASE,NODE_ROOT_VERTICAL_TUNNEL_BASE_RECOVERY,42,1,1
TC_ROOT_VERTICAL_TUNNEL,SPINE_ROOT_VERTICAL_TUNNEL_BASE,NODE_ROOT_VERTICAL_TUNNEL_BASE_REWARD,17,2,0
TC_ROOT_VERTICAL_TUNNEL,SPINE_ROOT_VERTICAL_TUNNEL_BASE,NODE_ROOT_VERTICAL_TUNNEL_BASE_TOUCH_2,26,1,1
