"SourcePath","Category","RegionUsage","AdapterPrefab","LicenseNote","Approved"
"Assets/2D Fantasy sprite bundle/Abandoned station/Ancient base Sprites/A Base Gradient.png","Prop","Post|Polaris","","Imported source; original protected; license record retained with project owner","False"
"Assets/2D Fantasy sprite bundle/Abandoned station/Ancient base Sprites/Base boxes.png","Prop","Post|Polaris","","Imported source; original protected; license record retained with project owner","False"
"Assets/2D Fantasy sprite bundle/Abandoned station/Ancient base Sprites/Base Core.png","Prop","Post|Polaris","","Imported source; original protected; license record retained with project owner","False"
"Assets/2D Fantasy sprite bundle/Abandoned station/Ancient base Sprites/Base door.png","Prop","Post|Polaris","","Imported source; original protected; license record retained with project owner","False"
"Assets/2D Fantasy sprite bundle/Abandoned station/Ancient base Sprites/Base Platforms.png","Terrain","Post|Polaris","","Imported source; original protected; license record retained with project owner","False"
"Assets/2D Fantasy sprite bundle/Abandoned station/Ancient base Sprites/Cables.png","Prop","Post|Polaris","","Imported source; original protected; license record retained with project owner","False"
"Assets/2D Fantasy sprite bundle/Abandoned station/Ancient base Sprites/Camera fade.png","Prop","Post|Polaris","","Imported source; original protected; license record retained with project owner","False"
"Assets/2D Fantasy sprite bundle/Abandoned station/Ancient base Sprites/chain.png","Prop","Post|Polaris","","Imported source; original protected; license record retained with project owner","False"
"Assets/2D Fantasy sprite bundle/Abandoned station/Ancient base Sprites/Clouds tiled.png","Terrain","Post|Polaris","","Imported source; original protected; license record retained with project owner","False"
"Assets/2D Fantasy sprite bundle/Abandoned station/Ancient base Sprites/Clouds.png","Prop","Post|Polaris","","Imported source; original protected; license record retained with project owner","False"
"Assets/2D Fantasy sprite bundle/Abandoned station/Ancient base Sprites/Columns.png","Prop","Post|Polaris","","Imported source; original protected; license record retained with project owner","False"
"Assets/2D Fantasy sprite bundle/Abandoned station/Ancient base Sprites/Fog.png","VFX","Post|Polaris","","Imported source; original protected; license record retained with project owner","False"
"Assets/2D Fantasy sprite bundle/Abandoned station/Ancient base Sprites/lamp.png","Prop","Post|Polaris","","Imported source; original protected; license record retained with project owner","False"
"Assets/2D Fantasy sprite bundle/Abandoned station/Ancient base Sprites/Mounts back.png","Prop","Post|Polaris","","Imported source; original protected; license record retained with project owner","False"
"Assets/2D Fantasy sprite bundle/Abandoned station/Ancient base Sprites/Mounts tiled.png","Terrain","Post|Polaris","","Imported source; original protected; license record retained with project owner","False"
"Assets/2D Fantasy sprite bundle/Abandoned station/Ancient base Sprites/Mounts.png","Prop","Post|Polaris","","Imported source; original protected; license record retained with project owner","False"
"Assets/2D Fantasy sprite bundle/Abandoned station/Ancient base Sprites/Old bridge.png","Prop","Post|Polaris","","Imported source; original protected; license record retained with project owner","False"
"Assets/2D Fantasy sprite bundle/Abandoned station/Ancient base Sprites/Panel.png","Prop","Post|Polaris","","Imported source; original protected; license record retained with project owner","False"
"Assets/2D Fantasy sprite bundle/Abandoned station/Ancient base Sprites/planet.png","Prop","Post|Polaris","","Imported source; original protected; license record retained with project owner","False"
"Assets/2D Fantasy sprite bundle/Abandoned station/Ancient base Sprites/Sky.png","Background","Post|Polaris","","Imported source; original protected; license record retained with project owner","False"
"Assets/2D Fantasy sprite bundle/Abandoned station/Ancient base Sprites/Window.png","Prop","Post|Polaris","","Imported source; original protected; license record retained with project owner","False"
"Assets/2D Fantasy sprite bundle/Abandoned station/Sprite shape/Foreground/Base foreground Fill.png","Foreground","Post|Polaris","","Imported source; original protected; license record retained with project owner","False"
"Assets/2D Fantasy sprite bundle/Abandoned station/Sprite shape/Foreground/Base foreground sides.png","Foreground","Post|Polaris","","Imported source; original protected; license record retained with project owner","False"
"Assets/2D Fantasy sprite bundle/Abandoned station/Sprite shape/Ground elements/Ground element shape.png","Terrain","Post|Polaris","","Imported source; original protected; license record retained with project owner","False"
"Assets/2D Fantasy sprite bundle/Abandoned station/Sprite shape/Ground Sprite shape/Ancient Base shape Elements.png","Terrain","Post|Polaris","","Imported source; original protected; license record retained with project owner","False"
"Assets/2D Fantasy sprite bundle/Abandoned station/Sprite shape/Ground Sprite shape/Ancient Base shape Fill.png","Terrain","Post|Polaris","","Imported source; original protected; license record retained with project owner","False"
"Assets/2D Fantasy sprite bundle/Abandoned station/Sprite shape/Ground Sprite shape/Ancient Base shape Sides B.png","Terrain","Post|Polaris","","Imported source; original protected; license record retained with project owner","False"
"Assets/2D Fantasy sprite bundle/Abandoned station/Sprite shape/Ground Sprite shape/Ancient Base shape Sides.png","Terrain","Post|Polaris","","Imported source; original protected; license record retained with project owner","False"
"Assets/2D Fantasy sprite bundle/Abandoned station/Sprite shape/Iron Railing/Iron railing.png","Prop","Post|Polaris","","Imported source; original protected; license record retained with project owner","False"
"Assets/2D Fantasy sprite bundle/Abandoned station/Sprite shape/Mashinery dump/Mashinery dump element.png","Prop","Post|Polaris","","Imported source; original protected; license record retained with project owner","False"
"Assets/2D Fantasy sprite bundle/Abandoned station/Sprite shape/Mashinery dump/Mashinery dump fill.png","Prop","Post|Polaris","","Imported source; original protected; license record retained with project owner","False"
"Assets/2D Fantasy sprite bundle/Abandoned station/Sprite shape/Mashinery dump/Mashinery dump.png","Prop","Post|Polaris","","Imported source; original protected; license record retained with project owner","False"
"Assets/2D Fantasy sprite bundle/Abandoned station/Sprite shape/Shadow/dark fill.png","Prop","Post|Polaris","","Imported source; original protected; license record retained with project owner","False"
"Assets/2D Fantasy sprite bundle/Abandoned station/Sprite shape/Shadow/dark sidesA.png","Prop","Post|Polaris","","Imported source; original protected; license record retained with project owner","False"
"Assets/2D Fantasy sprite bundle/Abandoned station/Sprite shape/Tunel walls/Tunel walls fill.png","Terrain","Post|Polaris","","Imported source; original protected; license record retained with project owner","False"
"Assets/2D Fantasy sprite bundle/Abandoned station/Sprite shape/Tunel walls/Tunel walls.png","Terrain","Post|Polaris","","Imported source; original protected; license record retained with project owner","False"
"Assets/2D Fantasy sprite bundle/Abandoned station/Sprite shape/Tunel walls/Tunels.png","Terrain","Post|Polaris","","Imported source; original protected; license record retained with project owner","False"
"Assets/2D Fantasy sprite bundle/Abandoned station/Sprite shape/Wall/Base wall side.png","Terrain","Post|Polaris","","Imported source; original protected; license record retained with project owner","False"
"Assets/2D Fantasy sprite bundle/Abandoned station/Sprite shape/Wall/Base wall.png","Terrain","Post|Polaris","","Imported source; original protected; license record retained with project owner","False"
"Assets/2D Fantasy sprite bundle/Abandoned station/Sprite shape/Wall2/Base wall 2 fill.png","Terrain","Post|Polaris","","Imported source; original protected; license record retained with project owner","False"
"Assets/2D Fantasy sprite bundle/Abandoned station/Sprite shape/Wall2/Base wall 2 sides.png","Terrain","Post|Polaris","","Imported source; original protected; license record retained with project owner","False"
"Assets/2D Fantasy sprite bundle/Abandoned station/Sprite shape/Wall2/Wall 2 Ellement.png","Terrain","Post|Polaris","","Imported source; original protected; license record retained with project owner","False"
"Assets/2D Fantasy sprite bundle/Bonus/Climbing elements/Chains/Chains.png","Prop","Common","","Imported source; original protected; license record retained with project owner","False"
"Assets/2D Fantasy sprite bundle/Bonus/Climbing elements/Climbing plants/Climbing plants Dry.png","Prop","Common","","Imported source; original protected; license record retained with project owner","False"
"Assets/2D Fantasy sprite bundle/Bonus/Climbing elements/Climbing plants/Climbing plants small Dry.png","Prop","Common","","Imported source; original protected; license record retained with project owner","False"
"Assets/2D Fantasy sprite bundle/Bonus/Climbing elements/Climbing plants/Climbing plants small.png","Prop","Common","","Imported source; original protected; license record retained with project owner","False"
"Assets/2D Fantasy sprite bundle/Bonus/Climbing elements/Climbing plants/Climbing plants..png","Prop","Common","","Imported source; original protected; license record retained with project owner","False"
"Assets/2D Fantasy sprite bundle/Bonus/Climbing elements/Grass grid/Grass grid Tiled Dry.png","Terrain","Common","","Imported source; original protected; license record retained with project owner","False"
"Assets/2D Fantasy sprite bundle/Bonus/Climbing elements/Grass grid/Grass grid Tiled.png","Terrain","Common","","Imported source; original protected; license record retained with project owner","False"
"Assets/2D Fantasy sprite bundle/Bonus/Climbing elements/Grass grid/Grass grid with flowers Tiled.png","Terrain","Common","","Imported source; original protected; license record retained with project owner","False"
"Assets/2D Fantasy sprite bundle/Bonus/--CONCEPT--/Concept sprites/1920x1080 resolution test.png","Prop","Common","","Imported source; original protected; license record retained with project owner","False"
"Assets/2D Fantasy sprite bundle/Bonus/--CONCEPT--/Concept sprites/Action.png","Prop","Common","","Imported source; original protected; license record retained with project owner","False"
"Assets/2D Fantasy sprite bundle/Bonus/--CONCEPT--/Concept sprites/arrow.png","Prop","Common","","Imported source; original protected; license record retained with project owner","False"
"Assets/2D Fantasy sprite bundle/Bonus/--CONCEPT--/Concept sprites/bracket.png","Prop","Common","","Imported source; original protected; license record retained with project owner","False"
"Assets/2D Fantasy sprite bundle/Bonus/--CONCEPT--/Concept sprites/Concept enemy icon.png","UI 미사용","Common","","Imported source; original protected; license record retained with project owner","False"
"Assets/2D Fantasy sprite bundle/Bonus/--CONCEPT--/Concept sprites/Concept items.png","Prop","Common","","Imported source; original protected; license record retained with project owner","False"
"Assets/2D Fantasy sprite bundle/Bonus/--CONCEPT--/Concept sprites/Exit.png","Prop","Common","","Imported source; original protected; license record retained with project owner","False"
"Assets/2D Fantasy sprite bundle/Bonus/--CONCEPT--/Concept sprites/Flag and chest.png","Prop","Common","","Imported source; original protected; license record retained with project owner","False"
"Assets/2D Fantasy sprite bundle/Bonus/--CONCEPT--/Concept sprites/Grid.png","Prop","Common","","Imported source; original protected; license record retained with project owner","False"
"Assets/2D Fantasy sprite bundle/Bonus/--CONCEPT--/Concept sprites/info panel.png","Prop","Common","","Imported source; original protected; license record retained with project owner","False"
"Assets/2D Fantasy sprite bundle/Bonus/--CONCEPT--/Concept sprites/Moving platform.png","Terrain","Common","","Imported source; original protected; license record retained with project owner","False"
"Assets/2D Fantasy sprite bundle/Bonus/--CONCEPT--/Concept sprites/RoomBorder.png","Prop","Common","","Imported source; original protected; license record retained with project owner","False"
"Assets/2D Fantasy sprite bundle/Bonus/--CONCEPT--/Concept sprites/ruler.png","Prop","Common","","Imported source; original protected; license record retained with project owner","False"
"Assets/2D Fantasy sprite bundle/Bonus/--CONCEPT--/Concept sprites/Square.png","Prop","Common","","Imported source; original protected; license record retained with project owner","False"
"Assets/2D Fantasy sprite bundle/Bonus/--CONCEPT--/Concept sprites/TestObj.png","Prop","Common","","Imported source; original protected; license record retained with project owner","False"
"Assets/2D Fantasy sprite bundle/Bonus/--CONCEPT--/Concept sprites/White box danger zone.png","Prop","Common","","Imported source; original protected; license record retained with project owner","False"
"Assets/2D Fantasy sprite bundle/Bonus/--CONCEPT--/Concept sprites/White box Door.png","Prop","Common","","Imported source; original protected; license record retained with project owner","False"
"Assets/2D Fantasy sprite bundle/Bonus/--CONCEPT--/Concept sprites/White box fill.png","Prop","Common","","Imported source; original protected; license record retained with project owner","False"
"Assets/2D Fantasy sprite bundle/Bonus/--CONCEPT--/Concept sprites/White box platform.png","Terrain","Common","","Imported source; original protected; license record retained with project owner","False"
"Assets/2D Fantasy sprite bundle/Bonus/--CONCEPT--/Concept sprites/White box side.png","Prop","Common","","Imported source; original protected; license record retained with project owner","False"
"Assets/2D Fantasy sprite bundle/Bonus/--CONCEPT--/Concept sprites/White box switch.png","Prop","Common","","Imported source; original protected; license record retained with project owner","False"
"Assets/2D Fantasy sprite bundle/Bonus/--CONCEPT--/Concept sprites/White box.png","Prop","Common","","Imported source; original protected; license record retained with project owner","False"
"Assets/2D Fantasy sprite bundle/Cristal Dungeon sprite pack/Cristal Sprites/Background A elements.png","Background","Polaris|StarlessSea","","Imported source; original protected; license record retained with project owner","False"
"Assets/2D Fantasy sprite bundle/Cristal Dungeon sprite pack/Cristal Sprites/Background A.png","Background","Polaris|StarlessSea","","Imported source; original protected; license record retained with project owner","False"
"Assets/2D Fantasy sprite bundle/Cristal Dungeon sprite pack/Cristal Sprites/Background B elements.png","Background","Polaris|StarlessSea","","Imported source; original protected; license record retained with project owner","False"
"Assets/2D Fantasy sprite bundle/Cristal Dungeon sprite pack/Cristal Sprites/Background B.png","Background","Polaris|StarlessSea","","Imported source; original protected; license record retained with project owner","False"
"Assets/2D Fantasy sprite bundle/Cristal Dungeon sprite pack/Cristal Sprites/Background Blur/Background A blur.png","Background","Polaris|StarlessSea","","Imported source; original protected; license record retained with project owner","False"
"Assets/2D Fantasy sprite bundle/Cristal Dungeon sprite pack/Cristal Sprites/Background Blur/Background A elements blur.png","Background","Polaris|StarlessSea","","Imported source; original protected; license record retained with project owner","False"
"Assets/2D Fantasy sprite bundle/Cristal Dungeon sprite pack/Cristal Sprites/Background Blur/Background B blur.png","Background","Polaris|StarlessSea","","Imported source; original protected; license record retained with project owner","False"
"Assets/2D Fantasy sprite bundle/Cristal Dungeon sprite pack/Cristal Sprites/Background Blur/Background B elements blur.png","Background","Polaris|StarlessSea","","Imported source; original protected; license record retained with project owner","False"
"Assets/2D Fantasy sprite bundle/Cristal Dungeon sprite pack/Cristal Sprites/Background Blur/Background C blur.png","Background","Polaris|StarlessSea","","Imported source; original protected; license record retained with project owner","False"
"Assets/2D Fantasy sprite bundle/Cristal Dungeon sprite pack/Cristal Sprites/Background Blur/Background C elements blur.png","Background","Polaris|StarlessSea","","Imported source; original protected; license record retained with project owner","False"
"Assets/2D Fantasy sprite bundle/Cristal Dungeon sprite pack/Cristal Sprites/Background Blur/Background D blur.png","Background","Polaris|StarlessSea","","Imported source; original protected; license record retained with project owner","False"
"Assets/2D Fantasy sprite bundle/Cristal Dungeon sprite pack/Cristal Sprites/Background Blur/Background D elements blur.png","Background","Polaris|StarlessSea","","Imported source; original protected; license record retained with project owner","False"
"Assets/2D Fantasy sprite bundle/Cristal Dungeon sprite pack/Cristal Sprites/Background Blur/Background E blur.png","Background","Polaris|StarlessSea","","Imported source; original protected; license record retained with project owner","False"
"Assets/2D Fantasy sprite bundle/Cristal Dungeon sprite pack/Cristal Sprites/Background C elements.png","Background","Polaris|StarlessSea","","Imported source; original protected; license record retained with project owner","False"
"Assets/2D Fantasy sprite bundle/Cristal Dungeon sprite pack/Cristal Sprites/Background C.png","Background","Polaris|StarlessSea","","Imported source; original protected; license record retained with project owner","False"
"Assets/2D Fantasy sprite bundle/Cristal Dungeon sprite pack/Cristal Sprites/Background D elements.png","Background","Polaris|StarlessSea","","Imported source; original protected; license record retained with project owner","False"
"Assets/2D Fantasy sprite bundle/Cristal Dungeon sprite pack/Cristal Sprites/Background D.png","Background","Polaris|StarlessSea","","Imported source; original protected; license record retained with project owner","False"
"Assets/2D Fantasy sprite bundle/Cristal Dungeon sprite pack/Cristal Sprites/Background E.png","Background","Polaris|StarlessSea","","Imported source; original protected; license record retained with project owner","False"
"Assets/2D Fantasy sprite bundle/Cristal Dungeon sprite pack/Cristal Sprites/Crystal back trees.png","Prop","Polaris|StarlessSea","","Imported source; original protected; license record retained with project owner","False"
"Assets/2D Fantasy sprite bundle/Cristal Dungeon sprite pack/Cristal Sprites/Crystal elements.png","Prop","Polaris|StarlessSea","","Imported source; original protected; license record retained with project owner","False"
"Assets/2D Fantasy sprite bundle/Cristal Dungeon sprite pack/Cristal Sprites/Crystal platform.png","Terrain","Polaris|StarlessSea","","Imported source; original protected; license record retained with project owner","False"
"Assets/2D Fantasy sprite bundle/Cristal Dungeon sprite pack/Cristal Sprites/Crystal spike.png","Prop","Polaris|StarlessSea","","Imported source; original protected; license record retained with project owner","False"
"Assets/2D Fantasy sprite bundle/Cristal Dungeon sprite pack/Cristal Sprites/Crystal tree branches.png","Prop","Polaris|StarlessSea","","Imported source; original protected; license record retained with project owner","False"
"Assets/2D Fantasy sprite bundle/Cristal Dungeon sprite pack/Cristal Sprites/Crystal trees.png","Prop","Polaris|StarlessSea","","Imported source; original protected; license record retained with project owner","False"
"Assets/2D Fantasy sprite bundle/Cristal Dungeon sprite pack/Cristal Sprites/Crystals.png","Prop","Polaris|StarlessSea","","Imported source; original protected; license record retained with project owner","False"
"Assets/2D Fantasy sprite bundle/Cristal Dungeon sprite pack/Cristal Sprites/Dust Particle blur.png","VFX","Polaris|StarlessSea","","Imported source; original protected; license record retained with project owner","False"
"Assets/2D Fantasy sprite bundle/Cristal Dungeon sprite pack/Cristal Sprites/Dust Particle.png","VFX","Polaris|StarlessSea","","Imported source; original protected; license record retained with project owner","False"
"Assets/2D Fantasy sprite bundle/Cristal Dungeon sprite pack/Cristal Sprites/Front Crystals.png","Foreground","Polaris|StarlessSea","","Imported source; original protected; license record retained with project owner","False"
"Assets/2D Fantasy sprite bundle/Cristal Dungeon sprite pack/Cristal Sprites/Sprite shape fill.png","Prop","Polaris|StarlessSea","","Imported source; original protected; license record retained with project owner","False"
"Assets/2D Fantasy sprite bundle/Cristal Dungeon sprite pack/Cristal Sprites/Sprite shape sidea.png","Prop","Polaris|StarlessSea","","Imported source; original protected; license record retained with project owner","False"
"Assets/2D Fantasy sprite bundle/Cristal Dungeon sprite pack/Cristal Sprites/Star particle.png","VFX","Polaris|StarlessSea","","Imported source; original protected; license record retained with project owner","False"
"Assets/2D Fantasy sprite bundle/Desert pack/Sprites/Background clouds.png","Background","Sun","","Imported source; original protected; license record retained with project owner","False"
"Assets/2D Fantasy sprite bundle/Desert pack/Sprites/Background Dune A.png","Background","Sun","","Imported source; original protected; license record retained with project owner","False"
"Assets/2D Fantasy sprite bundle/Desert pack/Sprites/Background Dune B.png","Background","Sun","","Imported source; original protected; license record retained with project owner","False"
"Assets/2D Fantasy sprite bundle/Desert pack/Sprites/Background Dune C.png","Background","Sun","","Imported source; original protected; license record retained with project owner","False"
"Assets/2D Fantasy sprite bundle/Desert pack/Sprites/Background Dune D.png","Background","Sun","","Imported source; original protected; license record retained with project owner","False"
"Assets/2D Fantasy sprite bundle/Desert pack/Sprites/Background Dune Elements 2.png","Background","Sun","","Imported source; original protected; license record retained with project owner","False"
"Assets/2D Fantasy sprite bundle/Desert pack/Sprites/Background Dune Elements.png","Background","Sun","","Imported source; original protected; license record retained with project owner","False"
"Assets/2D Fantasy sprite bundle/Desert pack/Sprites/Background sky.png","Background","Sun","","Imported source; original protected; license record retained with project owner","False"
"Assets/2D Fantasy sprite bundle/Desert pack/Sprites/desert ground elements.png","Terrain","Sun","","Imported source; original protected; license record retained with project owner","False"
"Assets/2D Fantasy sprite bundle/Desert pack/Sprites/Desert mushrooms.png","Prop","Sun","","Imported source; original protected; license record retained with project owner","False"
"Assets/2D Fantasy sprite bundle/Desert pack/Sprites/Desert pack boxes.png","Prop","Sun","","Imported source; original protected; license record retained with project owner","False"
"Assets/2D Fantasy sprite bundle/Desert pack/Sprites/Desert pack Dungeon dunes.png","Prop","Sun","","Imported source; original protected; license record retained with project owner","False"
"Assets/2D Fantasy sprite bundle/Desert pack/Sprites/Desert pack Needles.png","Prop","Sun","","Imported source; original protected; license record retained with project owner","False"
"Assets/2D Fantasy sprite bundle/Desert pack/Sprites/Desert pack platforms.png","Terrain","Sun","","Imported source; original protected; license record retained with project owner","False"
"Assets/2D Fantasy sprite bundle/Desert pack/Sprites/Desert pack shape Elements.png","Prop","Sun","","Imported source; original protected; license record retained with project owner","False"
"Assets/2D Fantasy sprite bundle/Desert pack/Sprites/Desert pack shape fill.png","Prop","Sun","","Imported source; original protected; license record retained with project owner","False"
"Assets/2D Fantasy sprite bundle/Desert pack/Sprites/Desert pack shape.png","Prop","Sun","","Imported source; original protected; license record retained with project owner","False"
"Assets/2D Fantasy sprite bundle/Desert pack/Sprites/Desert trees.png","Prop","Sun","","Imported source; original protected; license record retained with project owner","False"
"Assets/2D Fantasy sprite bundle/Desert pack/Sprites/Fog particle.png","VFX","Sun","","Imported source; original protected; license record retained with project owner","False"
"Assets/2D Fantasy sprite bundle/Desert pack/Sprites/Foreground blur fill.png","Foreground","Sun","","Imported source; original protected; license record retained with project owner","False"
"Assets/2D Fantasy sprite bundle/Desert pack/Sprites/Foreground blur shape.png","Foreground","Sun","","Imported source; original protected; license record retained with project owner","False"
"Assets/2D Fantasy sprite bundle/Desert pack/Sprites/Foreground blur.png","Foreground","Sun","","Imported source; original protected; license record retained with project owner","False"
"Assets/2D Fantasy sprite bundle/Desert pack/Sprites/Foreground dune.png","Foreground","Sun","","Imported source; original protected; license record retained with project owner","False"
"Assets/2D Fantasy sprite bundle/Desert pack/Sprites/Sand particle.png","VFX","Sun","","Imported source; original protected; license record retained with project owner","False"
"Assets/2D Fantasy sprite bundle/Desert pack/Sprites/Sand shape.png","Prop","Sun","","Imported source; original protected; license record retained with project owner","False"
"Assets/2D Fantasy sprite bundle/Desert pack/Sprites/Sand.png","Prop","Sun","","Imported source; original protected; license record retained with project owner","False"
"Assets/2D Fantasy sprite bundle/Desert pack/Sprites/Shadow.png","Prop","Sun","","Imported source; original protected; license record retained with project owner","False"
"Assets/2D Fantasy sprite bundle/Desert pack/Sprites/Sprite shape elements.png","Prop","Sun","","Imported source; original protected; license record retained with project owner","False"
"Assets/2D Fantasy sprite bundle/Dungeon pack/Sprites/Background egg A.png","Background","Moon|Post|Polaris","","Imported source; original protected; license record retained with project owner","False"
"Assets/2D Fantasy sprite bundle/Dungeon pack/Sprites/Background egg B.png","Background","Moon|Post|Polaris","","Imported source; original protected; license record retained with project owner","False"
"Assets/2D Fantasy sprite bundle/Dungeon pack/Sprites/Background egg C.png","Background","Moon|Post|Polaris","","Imported source; original protected; license record retained with project owner","False"
"Assets/2D Fantasy sprite bundle/Dungeon pack/Sprites/Background egg D.png","Background","Moon|Post|Polaris","","Imported source; original protected; license record retained with project owner","False"
"Assets/2D Fantasy sprite bundle/Dungeon pack/Sprites/Background egg E.png","Background","Moon|Post|Polaris","","Imported source; original protected; license record retained with project owner","False"
"Assets/2D Fantasy sprite bundle/Dungeon pack/Sprites/Background egg F.png","Background","Moon|Post|Polaris","","Imported source; original protected; license record retained with project owner","False"
"Assets/2D Fantasy sprite bundle/Dungeon pack/Sprites/background.png","Background","Moon|Post|Polaris","","Imported source; original protected; license record retained with project owner","False"
"Assets/2D Fantasy sprite bundle/Dungeon pack/Sprites/cristals blue.png","Prop","Moon|Post|Polaris","","Imported source; original protected; license record retained with project owner","False"
"Assets/2D Fantasy sprite bundle/Dungeon pack/Sprites/cristals.png","Prop","Moon|Post|Polaris","","Imported source; original protected; license record retained with project owner","False"
"Assets/2D Fantasy sprite bundle/Dungeon pack/Sprites/dark fill.png","Prop","Moon|Post|Polaris","","Imported source; original protected; license record retained with project owner","False"
"Assets/2D Fantasy sprite bundle/Dungeon pack/Sprites/dark sidesA.png","Prop","Moon|Post|Polaris","","Imported source; original protected; license record retained with project owner","False"
"Assets/2D Fantasy sprite bundle/Dungeon pack/Sprites/dungeon background.png","Background","Moon|Post|Polaris","","Imported source; original protected; license record retained with project owner","False"
"Assets/2D Fantasy sprite bundle/Dungeon pack/Sprites/dungeon items 2.png","Prop","Moon|Post|Polaris","","Imported source; original protected; license record retained with project owner","False"
"Assets/2D Fantasy sprite bundle/Dungeon pack/Sprites/dungeon items ferr2d .png","Prop","Moon|Post|Polaris","","Imported source; original protected; license record retained with project owner","False"
"Assets/2D Fantasy sprite bundle/Dungeon pack/Sprites/dungeon items.png","Prop","Moon|Post|Polaris","","Imported source; original protected; license record retained with project owner","False"
"Assets/2D Fantasy sprite bundle/Dungeon pack/Sprites/dungeon sides 2.png","Prop","Moon|Post|Polaris","","Imported source; original protected; license record retained with project owner","False"
"Assets/2D Fantasy sprite bundle/Dungeon pack/Sprites/fog.png","VFX","Moon|Post|Polaris","","Imported source; original protected; license record retained with project owner","False"
"Assets/2D Fantasy sprite bundle/Dungeon pack/Sprites/green on stone2 .png","Prop","Moon|Post|Polaris","","Imported source; original protected; license record retained with project owner","False"
"Assets/2D Fantasy sprite bundle/Dungeon pack/Sprites/light 1.png","VFX","Moon|Post|Polaris","","Imported source; original protected; license record retained with project owner","False"
"Assets/2D Fantasy sprite bundle/Dungeon pack/Sprites/light 2.png","VFX","Moon|Post|Polaris","","Imported source; original protected; license record retained with project owner","False"
"Assets/2D Fantasy sprite bundle/Dungeon pack/Sprites/light walls.png","VFX","Moon|Post|Polaris","","Imported source; original protected; license record retained with project owner","False"
"Assets/2D Fantasy sprite bundle/Dungeon pack/Sprites/metal detail for dungeon.png","Prop","Moon|Post|Polaris","","Imported source; original protected; license record retained with project owner","False"
"Assets/2D Fantasy sprite bundle/Dungeon pack/Sprites/rocks.png","Prop","Moon|Post|Polaris","","Imported source; original protected; license record retained with project owner","False"
"Assets/2D Fantasy sprite bundle/Dungeon pack/Sprites/root blur.png","Prop","Moon|Post|Polaris","","Imported source; original protected; license record retained with project owner","False"
"Assets/2D Fantasy sprite bundle/Dungeon pack/Sprites/root.png","Prop","Moon|Post|Polaris","","Imported source; original protected; license record retained with project owner","False"
"Assets/2D Fantasy sprite bundle/Dungeon pack/Sprites/Square.png","Prop","Moon|Post|Polaris","","Imported source; original protected; license record retained with project owner","False"
"Assets/2D Fantasy sprite bundle/Dungeon pack/Sprites/stwall fill.png","Terrain","Moon|Post|Polaris","","Imported source; original protected; license record retained with project owner","False"
"Assets/2D Fantasy sprite bundle/Dungeon pack/Sprites/stwall sides 2.png","Terrain","Moon|Post|Polaris","","Imported source; original protected; license record retained with project owner","False"
"Assets/2D Fantasy sprite bundle/Forest  V2.0/Sprites/Back trees.png","Prop","Bridge|Sun","","Imported source; original protected; license record retained with project owner","False"
"Assets/2D Fantasy sprite bundle/Forest  V2.0/Sprites/Background trees.png","Background","Bridge|Sun","","Imported source; original protected; license record retained with project owner","False"
"Assets/2D Fantasy sprite bundle/Forest  V2.0/Sprites/Big trees 2.png","Prop","Bridge|Sun","","Imported source; original protected; license record retained with project owner","False"
"Assets/2D Fantasy sprite bundle/Forest  V2.0/Sprites/Big trees.png","Prop","Bridge|Sun","","Imported source; original protected; license record retained with project owner","False"
"Assets/2D Fantasy sprite bundle/Forest  V2.0/Sprites/Bushes 2.png","Prop","Bridge|Sun","","Imported source; original protected; license record retained with project owner","False"
"Assets/2D Fantasy sprite bundle/Forest  V2.0/Sprites/Bushes.png","Prop","Bridge|Sun","","Imported source; original protected; license record retained with project owner","False"
"Assets/2D Fantasy sprite bundle/Forest  V2.0/Sprites/Clouds.png","Prop","Bridge|Sun","","Imported source; original protected; license record retained with project owner","False"
"Assets/2D Fantasy sprite bundle/Forest  V2.0/Sprites/Dark leafs.png","Prop","Bridge|Sun","","Imported source; original protected; license record retained with project owner","False"
"Assets/2D Fantasy sprite bundle/Forest  V2.0/Sprites/Fields 2.png","Prop","Bridge|Sun","","Imported source; original protected; license record retained with project owner","False"
"Assets/2D Fantasy sprite bundle/Forest  V2.0/Sprites/Fields.png","Prop","Bridge|Sun","","Imported source; original protected; license record retained with project owner","False"
"Assets/2D Fantasy sprite bundle/Forest  V2.0/Sprites/Forest elements.png","Prop","Bridge|Sun","","Imported source; original protected; license record retained with project owner","False"
"Assets/2D Fantasy sprite bundle/Forest  V2.0/Sprites/gradient.png","Prop","Bridge|Sun","","Imported source; original protected; license record retained with project owner","False"
"Assets/2D Fantasy sprite bundle/Forest  V2.0/Sprites/Grass Fill.png","Prop","Bridge|Sun","","Imported source; original protected; license record retained with project owner","False"
"Assets/2D Fantasy sprite bundle/Forest  V2.0/Sprites/Grass Sides Dark and Blur.png","Prop","Bridge|Sun","","Imported source; original protected; license record retained with project owner","False"
"Assets/2D Fantasy sprite bundle/Forest  V2.0/Sprites/Grass Sides.png","Prop","Bridge|Sun","","Imported source; original protected; license record retained with project owner","False"
"Assets/2D Fantasy sprite bundle/Forest  V2.0/Sprites/leaf particles.png","VFX","Bridge|Sun","","Imported source; original protected; license record retained with project owner","False"
"Assets/2D Fantasy sprite bundle/Forest  V2.0/Sprites/Leafs 2.png","Prop","Bridge|Sun","","Imported source; original protected; license record retained with project owner","False"
"Assets/2D Fantasy sprite bundle/Forest  V2.0/Sprites/Leafs.png","Prop","Bridge|Sun","","Imported source; original protected; license record retained with project owner","False"
"Assets/2D Fantasy sprite bundle/Forest  V2.0/Sprites/light 1. 1.png","VFX","Bridge|Sun","","Imported source; original protected; license record retained with project owner","False"
"Assets/2D Fantasy sprite bundle/Forest  V2.0/Sprites/light 2. 1.png","VFX","Bridge|Sun","","Imported source; original protected; license record retained with project owner","False"
"Assets/2D Fantasy sprite bundle/Forest  V2.0/Sprites/Mounts Elements.png","Prop","Bridge|Sun","","Imported source; original protected; license record retained with project owner","False"
"Assets/2D Fantasy sprite bundle/Forest  V2.0/Sprites/Mounts.png","Prop","Bridge|Sun","","Imported source; original protected; license record retained with project owner","False"
"Assets/2D Fantasy sprite bundle/Forest  V2.0/Sprites/Sky.png","Background","Bridge|Sun","","Imported source; original protected; license record retained with project owner","False"
"Assets/2D Fantasy sprite bundle/Forest  V2.0/Sprites/Square.png","Prop","Bridge|Sun","","Imported source; original protected; license record retained with project owner","False"
"Assets/2D Fantasy sprite bundle/Forest  V2.0/Sprites/Tree leafs.png","Prop","Bridge|Sun","","Imported source; original protected; license record retained with project owner","False"
"Assets/2D Fantasy sprite bundle/Ice and snow pack/Sprites/Fog particle.png","VFX","Polaris|StarlessSea","","Imported source; original protected; license record retained with project owner","False"
"Assets/2D Fantasy sprite bundle/Ice and snow pack/Sprites/Freze cube.png","Prop","Polaris|StarlessSea","","Imported source; original protected; license record retained with project owner","False"
"Assets/2D Fantasy sprite bundle/Ice and snow pack/Sprites/frozen trees.png","Prop","Polaris|StarlessSea","","Imported source; original protected; license record retained with project owner","False"
"Assets/2D Fantasy sprite bundle/Ice and snow pack/Sprites/Frozen waterfall.png","Prop","Polaris|StarlessSea","","Imported source; original protected; license record retained with project owner","False"
"Assets/2D Fantasy sprite bundle/Ice and snow pack/Sprites/Ice background ALT.png","Background","Polaris|StarlessSea","","Imported source; original protected; license record retained with project owner","False"
"Assets/2D Fantasy sprite bundle/Ice and snow pack/Sprites/Ice background down.png","Background","Polaris|StarlessSea","","Imported source; original protected; license record retained with project owner","False"
"Assets/2D Fantasy sprite bundle/Ice and snow pack/Sprites/Ice background Mid.png","Background","Polaris|StarlessSea","","Imported source; original protected; license record retained with project owner","False"
"Assets/2D Fantasy sprite bundle/Ice and snow pack/Sprites/Ice background Quad.png","Background","Polaris|StarlessSea","","Imported source; original protected; license record retained with project owner","False"
"Assets/2D Fantasy sprite bundle/Ice and snow pack/Sprites/Ice background up.png","Background","Polaris|StarlessSea","","Imported source; original protected; license record retained with project owner","False"
"Assets/2D Fantasy sprite bundle/Ice and snow pack/Sprites/Ice crack.png","Prop","Polaris|StarlessSea","","Imported source; original protected; license record retained with project owner","False"
"Assets/2D Fantasy sprite bundle/Ice and snow pack/Sprites/Ice Cube.png","Prop","Polaris|StarlessSea","","Imported source; original protected; license record retained with project owner","False"
"Assets/2D Fantasy sprite bundle/Ice and snow pack/Sprites/Ice ground fill.png","Terrain","Polaris|StarlessSea","","Imported source; original protected; license record retained with project owner","False"
"Assets/2D Fantasy sprite bundle/Ice and snow pack/Sprites/Ice ground sides.png","Terrain","Polaris|StarlessSea","","Imported source; original protected; license record retained with project owner","False"
"Assets/2D Fantasy sprite bundle/Ice and snow pack/Sprites/Ice platform B.png","Terrain","Polaris|StarlessSea","","Imported source; original protected; license record retained with project owner","False"
"Assets/2D Fantasy sprite bundle/Ice and snow pack/Sprites/Ice platform.png","Terrain","Polaris|StarlessSea","","Imported source; original protected; license record retained with project owner","False"
"Assets/2D Fantasy sprite bundle/Ice and snow pack/Sprites/Ice snow.png","Prop","Polaris|StarlessSea","","Imported source; original protected; license record retained with project owner","False"
"Assets/2D Fantasy sprite bundle/Ice and snow pack/Sprites/ice spikes.png","Prop","Polaris|StarlessSea","","Imported source; original protected; license record retained with project owner","False"
"Assets/2D Fantasy sprite bundle/Ice and snow pack/Sprites/icicle shape.png","Prop","Polaris|StarlessSea","","Imported source; original protected; license record retained with project owner","False"
"Assets/2D Fantasy sprite bundle/Ice and snow pack/Sprites/icicle.png","Prop","Polaris|StarlessSea","","Imported source; original protected; license record retained with project owner","False"
"Assets/2D Fantasy sprite bundle/Ice and snow pack/Sprites/Snow Background A.png","Background","Polaris|StarlessSea","","Imported source; original protected; license record retained with project owner","False"
"Assets/2D Fantasy sprite bundle/Ice and snow pack/Sprites/Snow Background B.png","Background","Polaris|StarlessSea","","Imported source; original protected; license record retained with project owner","False"
"Assets/2D Fantasy sprite bundle/Ice and snow pack/Sprites/Snow Background C.png","Background","Polaris|StarlessSea","","Imported source; original protected; license record retained with project owner","False"
"Assets/2D Fantasy sprite bundle/Ice and snow pack/Sprites/Snow Background D.png","Background","Polaris|StarlessSea","","Imported source; original protected; license record retained with project owner","False"
"Assets/2D Fantasy sprite bundle/Ice and snow pack/Sprites/Snow foreground fill.png","Foreground","Polaris|StarlessSea","","Imported source; original protected; license record retained with project owner","False"
"Assets/2D Fantasy sprite bundle/Ice and snow pack/Sprites/Snow foreground sides.png","Foreground","Polaris|StarlessSea","","Imported source; original protected; license record retained with project owner","False"
"Assets/2D Fantasy sprite bundle/Ice and snow pack/Sprites/Snow ground fill.png","Terrain","Polaris|StarlessSea","","Imported source; original protected; license record retained with project owner","False"
"Assets/2D Fantasy sprite bundle/Ice and snow pack/Sprites/Snow ground sides.png","Terrain","Polaris|StarlessSea","","Imported source; original protected; license record retained with project owner","False"
"Assets/2D Fantasy sprite bundle/Ice and snow pack/Sprites/Snow Sky.png","Background","Polaris|StarlessSea","","Imported source; original protected; license record retained with project owner","False"
"Assets/2D Fantasy sprite bundle/Ice and snow pack/Sprites/Snow.png","Prop","Polaris|StarlessSea","","Imported source; original protected; license record retained with project owner","False"
"Assets/2D Fantasy sprite bundle/Ice and snow pack/Sprites/SnowFlake.png","Prop","Polaris|StarlessSea","","Imported source; original protected; license record retained with project owner","False"
"Assets/2D Fantasy sprite bundle/Ice and snow pack/Sprites/Star.png","Prop","Polaris|StarlessSea","","Imported source; original protected; license record retained with project owner","False"
"Assets/2D Fantasy sprite bundle/Ice and snow pack/Sprites/White Gradient square.png","Prop","Polaris|StarlessSea","","Imported source; original protected; license record retained with project owner","False"
"Assets/2D Fantasy sprite bundle/Ice and snow pack/Sprites/White Gradient.png","Prop","Polaris|StarlessSea","","Imported source; original protected; license record retained with project owner","False"
"Assets/2D Fantasy sprite bundle/Island pack/Sprites/backgrounds back.png","Background","Moon|Bridge|Sun","","Imported source; original protected; license record retained with project owner","False"
"Assets/2D Fantasy sprite bundle/Island pack/Sprites/backgrounds fore.png","Background","Moon|Bridge|Sun","","Imported source; original protected; license record retained with project owner","False"
"Assets/2D Fantasy sprite bundle/Island pack/Sprites/backgrounds mounts.png","Background","Moon|Bridge|Sun","","Imported source; original protected; license record retained with project owner","False"
"Assets/2D Fantasy sprite bundle/Island pack/Sprites/birds.png","Prop","Moon|Bridge|Sun","","Imported source; original protected; license record retained with project owner","False"
"Assets/2D Fantasy sprite bundle/Island pack/Sprites/Bubble 1.png","Prop","Moon|Bridge|Sun","","Imported source; original protected; license record retained with project owner","False"
"Assets/2D Fantasy sprite bundle/Island pack/Sprites/Bubble 2.png","Prop","Moon|Bridge|Sun","","Imported source; original protected; license record retained with project owner","False"
"Assets/2D Fantasy sprite bundle/Island pack/Sprites/Bubble 3.png","Prop","Moon|Bridge|Sun","","Imported source; original protected; license record retained with project owner","False"
"Assets/2D Fantasy sprite bundle/Island pack/Sprites/clouds.png","Prop","Moon|Bridge|Sun","","Imported source; original protected; license record retained with project owner","False"
"Assets/2D Fantasy sprite bundle/Island pack/Sprites/dark fill.png","Prop","Moon|Bridge|Sun","","Imported source; original protected; license record retained with project owner","False"
"Assets/2D Fantasy sprite bundle/Island pack/Sprites/dark sides.png","Prop","Moon|Bridge|Sun","","Imported source; original protected; license record retained with project owner","False"
"Assets/2D Fantasy sprite bundle/Island pack/Sprites/grass and stone.png","Prop","Moon|Bridge|Sun","","Imported source; original protected; license record retained with project owner","False"
"Assets/2D Fantasy sprite bundle/Island pack/Sprites/green wall fill.png","Terrain","Moon|Bridge|Sun","","Imported source; original protected; license record retained with project owner","False"
"Assets/2D Fantasy sprite bundle/Island pack/Sprites/green wall side.png","Terrain","Moon|Bridge|Sun","","Imported source; original protected; license record retained with project owner","False"
"Assets/2D Fantasy sprite bundle/Island pack/Sprites/light forms.png","VFX","Moon|Bridge|Sun","","Imported source; original protected; license record retained with project owner","False"
"Assets/2D Fantasy sprite bundle/Island pack/Sprites/main water ferr fill.png","Prop","Moon|Bridge|Sun","","Imported source; original protected; license record retained with project owner","False"
"Assets/2D Fantasy sprite bundle/Island pack/Sprites/main water ferr.png","Prop","Moon|Bridge|Sun","","Imported source; original protected; license record retained with project owner","False"
"Assets/2D Fantasy sprite bundle/Island pack/Sprites/most.png","Prop","Moon|Bridge|Sun","","Imported source; original protected; license record retained with project owner","False"
"Assets/2D Fantasy sprite bundle/Island pack/Sprites/platform wall.png","Terrain","Moon|Bridge|Sun","","Imported source; original protected; license record retained with project owner","False"
"Assets/2D Fantasy sprite bundle/Island pack/Sprites/polana.png","Prop","Moon|Bridge|Sun","","Imported source; original protected; license record retained with project owner","False"
"Assets/2D Fantasy sprite bundle/Island pack/Sprites/river green.png","Prop","Moon|Bridge|Sun","","Imported source; original protected; license record retained with project owner","False"
"Assets/2D Fantasy sprite bundle/Island pack/Sprites/sky 3.png","Background","Moon|Bridge|Sun","","Imported source; original protected; license record retained with project owner","False"
"Assets/2D Fantasy sprite bundle/Island pack/Sprites/spikes.png","Prop","Moon|Bridge|Sun","","Imported source; original protected; license record retained with project owner","False"
"Assets/2D Fantasy sprite bundle/Island pack/Sprites/Square.png","Prop","Moon|Bridge|Sun","","Imported source; original protected; license record retained with project owner","False"
"Assets/2D Fantasy sprite bundle/Island pack/Sprites/trees and bunches.png","Prop","Moon|Bridge|Sun","","Imported source; original protected; license record retained with project owner","False"
"Assets/2D Fantasy sprite bundle/Island pack/Sprites/Ver1.1/elements.png","Prop","Moon|Bridge|Sun","","Imported source; original protected; license record retained with project owner","False"
"Assets/2D Fantasy sprite bundle/Island pack/Sprites/Ver1.1/Secreet floor.png","Terrain","Moon|Bridge|Sun","","Imported source; original protected; license record retained with project owner","False"
"Assets/2D Fantasy sprite bundle/Island pack/Sprites/Ver1.1/tower back elements.png","Prop","Moon|Bridge|Sun","","Imported source; original protected; license record retained with project owner","False"
"Assets/2D Fantasy sprite bundle/Island pack/Sprites/Ver1.1/tower back shape.png","Prop","Moon|Bridge|Sun","","Imported source; original protected; license record retained with project owner","False"
"Assets/2D Fantasy sprite bundle/Island pack/Sprites/Ver1.1/tower back texture.png","Prop","Moon|Bridge|Sun","","Imported source; original protected; license record retained with project owner","False"
"Assets/2D Fantasy sprite bundle/Island pack/Sprites/Ver1.1/tower green and stone.png","Prop","Moon|Bridge|Sun","","Imported source; original protected; license record retained with project owner","False"
"Assets/2D Fantasy sprite bundle/Island pack/Sprites/Ver1.1/tree nidle.png","Prop","Moon|Bridge|Sun","","Imported source; original protected; license record retained with project owner","False"
"Assets/2D Fantasy sprite bundle/Island pack/Sprites/Water.png","Prop","Moon|Bridge|Sun","","Imported source; original protected; license record retained with project owner","False"
"Assets/2D Fantasy sprite bundle/Island pack/Sprites/Wind Animation Sheet.png","Prop","Moon|Bridge|Sun","","Imported source; original protected; license record retained with project owner","False"
"Assets/2D Fantasy sprite bundle/Lava dungeon pack/Sprites/chain colored.png","Prop","Polaris|StarlessSea","","Imported source; original protected; license record retained with project owner","False"
"Assets/2D Fantasy sprite bundle/Lava dungeon pack/Sprites/chain.png","Prop","Polaris|StarlessSea","","Imported source; original protected; license record retained with project owner","False"
"Assets/2D Fantasy sprite bundle/Lava dungeon pack/Sprites/Lava Background A blur elements.png","Background","Polaris|StarlessSea","","Imported source; original protected; license record retained with project owner","False"
"Assets/2D Fantasy sprite bundle/Lava dungeon pack/Sprites/Lava Background A blur.png","Background","Polaris|StarlessSea","","Imported source; original protected; license record retained with project owner","False"
"Assets/2D Fantasy sprite bundle/Lava dungeon pack/Sprites/Lava Background A.png","Background","Polaris|StarlessSea","","Imported source; original protected; license record retained with project owner","False"
"Assets/2D Fantasy sprite bundle/Lava dungeon pack/Sprites/Lava Background B blur.png","Background","Polaris|StarlessSea","","Imported source; original protected; license record retained with project owner","False"
"Assets/2D Fantasy sprite bundle/Lava dungeon pack/Sprites/Lava Background elements A.png","Background","Polaris|StarlessSea","","Imported source; original protected; license record retained with project owner","False"
"Assets/2D Fantasy sprite bundle/Lava dungeon pack/Sprites/Lava Background rock 2 blur.png","Background","Polaris|StarlessSea","","Imported source; original protected; license record retained with project owner","False"
"Assets/2D Fantasy sprite bundle/Lava dungeon pack/Sprites/Lava Background rock blur.png","Background","Polaris|StarlessSea","","Imported source; original protected; license record retained with project owner","False"
"Assets/2D Fantasy sprite bundle/Lava dungeon pack/Sprites/Lava Background rock.png","Background","Polaris|StarlessSea","","Imported source; original protected; license record retained with project owner","False"
"Assets/2D Fantasy sprite bundle/Lava dungeon pack/Sprites/Lava blocks.png","Prop","Polaris|StarlessSea","","Imported source; original protected; license record retained with project owner","False"
"Assets/2D Fantasy sprite bundle/Lava dungeon pack/Sprites/Lava environment.png","Prop","Polaris|StarlessSea","","Imported source; original protected; license record retained with project owner","False"
"Assets/2D Fantasy sprite bundle/Lava dungeon pack/Sprites/Lava Fog particle.png","VFX","Polaris|StarlessSea","","Imported source; original protected; license record retained with project owner","False"
"Assets/2D Fantasy sprite bundle/Lava dungeon pack/Sprites/Lava foreground decor.png","Foreground","Polaris|StarlessSea","","Imported source; original protected; license record retained with project owner","False"
"Assets/2D Fantasy sprite bundle/Lava dungeon pack/Sprites/Lava front.png","Prop","Polaris|StarlessSea","","Imported source; original protected; license record retained with project owner","False"
"Assets/2D Fantasy sprite bundle/Lava dungeon pack/Sprites/Lava gradient.png","Prop","Polaris|StarlessSea","","Imported source; original protected; license record retained with project owner","False"
"Assets/2D Fantasy sprite bundle/Lava dungeon pack/Sprites/Lava ground shape Alt fill.png","Terrain","Polaris|StarlessSea","","Imported source; original protected; license record retained with project owner","False"
"Assets/2D Fantasy sprite bundle/Lava dungeon pack/Sprites/Lava ground shape Alt2 fill.png","Terrain","Polaris|StarlessSea","","Imported source; original protected; license record retained with project owner","False"
"Assets/2D Fantasy sprite bundle/Lava dungeon pack/Sprites/Lava ground shape fill.png","Terrain","Polaris|StarlessSea","","Imported source; original protected; license record retained with project owner","False"
"Assets/2D Fantasy sprite bundle/Lava dungeon pack/Sprites/Lava ground shape sides Alt.png","Terrain","Polaris|StarlessSea","","Imported source; original protected; license record retained with project owner","False"
"Assets/2D Fantasy sprite bundle/Lava dungeon pack/Sprites/Lava ground shape sides.png","Terrain","Polaris|StarlessSea","","Imported source; original protected; license record retained with project owner","False"
"Assets/2D Fantasy sprite bundle/Lava dungeon pack/Sprites/Lava platform.png","Terrain","Polaris|StarlessSea","","Imported source; original protected; license record retained with project owner","False"
"Assets/2D Fantasy sprite bundle/Lava dungeon pack/Sprites/Lava rock shape symple.png","Prop","Polaris|StarlessSea","","Imported source; original protected; license record retained with project owner","False"
"Assets/2D Fantasy sprite bundle/Lava dungeon pack/Sprites/Lava rock shape.png","Prop","Polaris|StarlessSea","","Imported source; original protected; license record retained with project owner","False"
"Assets/2D Fantasy sprite bundle/Lava dungeon pack/Sprites/Lava rock symple.png","Prop","Polaris|StarlessSea","","Imported source; original protected; license record retained with project owner","False"
"Assets/2D Fantasy sprite bundle/Lava dungeon pack/Sprites/Lava rock.png","Prop","Polaris|StarlessSea","","Imported source; original protected; license record retained with project owner","False"
"Assets/2D Fantasy sprite bundle/Lava dungeon pack/Sprites/Lava tree.png","Prop","Polaris|StarlessSea","","Imported source; original protected; license record retained with project owner","False"
"Assets/2D Fantasy sprite bundle/Lava dungeon pack/Sprites/Lava up.png","Prop","Polaris|StarlessSea","","Imported source; original protected; license record retained with project owner","False"
"Assets/2D Fantasy sprite bundle/Lava dungeon pack/Sprites/Shadow.png","Prop","Polaris|StarlessSea","","Imported source; original protected; license record retained with project owner","False"
"Assets/2D Fantasy sprite bundle/Lava dungeon pack/Sprites/Square.png","Prop","Polaris|StarlessSea","","Imported source; original protected; license record retained with project owner","False"
"Assets/2D Fantasy sprite bundle/Mount pack/Sprites/Back leafs.png","Prop","Bridge","","Imported source; original protected; license record retained with project owner","False"
"Assets/2D Fantasy sprite bundle/Mount pack/Sprites/Back rock A.png","Prop","Bridge","","Imported source; original protected; license record retained with project owner","False"
"Assets/2D Fantasy sprite bundle/Mount pack/Sprites/Back rock B.png","Prop","Bridge","","Imported source; original protected; license record retained with project owner","False"
"Assets/2D Fantasy sprite bundle/Mount pack/Sprites/Background A.png","Background","Bridge","","Imported source; original protected; license record retained with project owner","False"
"Assets/2D Fantasy sprite bundle/Mount pack/Sprites/base element.png","Prop","Bridge","","Imported source; original protected; license record retained with project owner","False"
"Assets/2D Fantasy sprite bundle/Mount pack/Sprites/base main shape fill.png","Prop","Bridge","","Imported source; original protected; license record retained with project owner","False"
"Assets/2D Fantasy sprite bundle/Mount pack/Sprites/base main shape sides.png","Prop","Bridge","","Imported source; original protected; license record retained with project owner","False"
"Assets/2D Fantasy sprite bundle/Mount pack/Sprites/Clouds A.png","Prop","Bridge","","Imported source; original protected; license record retained with project owner","False"
"Assets/2D Fantasy sprite bundle/Mount pack/Sprites/Clouds B.png","Prop","Bridge","","Imported source; original protected; license record retained with project owner","False"
"Assets/2D Fantasy sprite bundle/Mount pack/Sprites/Clouds small A.png","Prop","Bridge","","Imported source; original protected; license record retained with project owner","False"
"Assets/2D Fantasy sprite bundle/Mount pack/Sprites/Clouds small B.png","Prop","Bridge","","Imported source; original protected; license record retained with project owner","False"
"Assets/2D Fantasy sprite bundle/Mount pack/Sprites/Cube stones.png","Prop","Bridge","","Imported source; original protected; license record retained with project owner","False"
"Assets/2D Fantasy sprite bundle/Mount pack/Sprites/Danger spikes.png","Prop","Bridge","","Imported source; original protected; license record retained with project owner","False"
"Assets/2D Fantasy sprite bundle/Mount pack/Sprites/dark fill.png","Prop","Bridge","","Imported source; original protected; license record retained with project owner","False"
"Assets/2D Fantasy sprite bundle/Mount pack/Sprites/dark sides.png","Prop","Bridge","","Imported source; original protected; license record retained with project owner","False"
"Assets/2D Fantasy sprite bundle/Mount pack/Sprites/Fore leafs.png","Prop","Bridge","","Imported source; original protected; license record retained with project owner","False"
"Assets/2D Fantasy sprite bundle/Mount pack/Sprites/Gradient.png","Prop","Bridge","","Imported source; original protected; license record retained with project owner","False"
"Assets/2D Fantasy sprite bundle/Mount pack/Sprites/Ground element.png","Terrain","Bridge","","Imported source; original protected; license record retained with project owner","False"
"Assets/2D Fantasy sprite bundle/Mount pack/Sprites/light 1.png","VFX","Bridge","","Imported source; original protected; license record retained with project owner","False"
"Assets/2D Fantasy sprite bundle/Mount pack/Sprites/light 2.png","VFX","Bridge","","Imported source; original protected; license record retained with project owner","False"
"Assets/2D Fantasy sprite bundle/Mount pack/Sprites/Moon A.png","Prop","Bridge","","Imported source; original protected; license record retained with project owner","False"
"Assets/2D Fantasy sprite bundle/Mount pack/Sprites/Moon B.png","Prop","Bridge","","Imported source; original protected; license record retained with project owner","False"
"Assets/2D Fantasy sprite bundle/Mount pack/Sprites/Mount tree.png","Prop","Bridge","","Imported source; original protected; license record retained with project owner","False"
"Assets/2D Fantasy sprite bundle/Mount pack/Sprites/Mounts A.png","Prop","Bridge","","Imported source; original protected; license record retained with project owner","False"
"Assets/2D Fantasy sprite bundle/Mount pack/Sprites/Mounts B.png","Prop","Bridge","","Imported source; original protected; license record retained with project owner","False"
"Assets/2D Fantasy sprite bundle/Mount pack/Sprites/Platforms and doors.png","Terrain","Bridge","","Imported source; original protected; license record retained with project owner","False"
"Assets/2D Fantasy sprite bundle/Mount pack/Sprites/Rocks.png","Prop","Bridge","","Imported source; original protected; license record retained with project owner","False"
"Assets/2D Fantasy sprite bundle/Mount pack/Sprites/Sky A.png","Background","Bridge","","Imported source; original protected; license record retained with project owner","False"
"Assets/2D Fantasy sprite bundle/Mount pack/Sprites/Sky B.png","Background","Bridge","","Imported source; original protected; license record retained with project owner","False"
"Assets/2D Fantasy sprite bundle/Mount pack/Sprites/Square.png","Prop","Bridge","","Imported source; original protected; license record retained with project owner","False"
"Assets/2D Fantasy sprite bundle/Old Forest pack/Sprites/background.png","Background","Bridge|Sun","","Imported source; original protected; license record retained with project owner","False"
"Assets/2D Fantasy sprite bundle/Old Forest pack/Sprites/Break box.png","Prop","Bridge|Sun","","Imported source; original protected; license record retained with project owner","False"
"Assets/2D Fantasy sprite bundle/Old Forest pack/Sprites/dark fill.png","Prop","Bridge|Sun","","Imported source; original protected; license record retained with project owner","False"
"Assets/2D Fantasy sprite bundle/Old Forest pack/Sprites/dark sides.png","Prop","Bridge|Sun","","Imported source; original protected; license record retained with project owner","False"
"Assets/2D Fantasy sprite bundle/Old Forest pack/Sprites/Fallen leafs.png","Prop","Bridge|Sun","","Imported source; original protected; license record retained with project owner","False"
"Assets/2D Fantasy sprite bundle/Old Forest pack/Sprites/leaf 1..png","Prop","Bridge|Sun","","Imported source; original protected; license record retained with project owner","False"
"Assets/2D Fantasy sprite bundle/Old Forest pack/Sprites/leaf 2..png","Prop","Bridge|Sun","","Imported source; original protected; license record retained with project owner","False"
"Assets/2D Fantasy sprite bundle/Old Forest pack/Sprites/leaf 3..png","Prop","Bridge|Sun","","Imported source; original protected; license record retained with project owner","False"
"Assets/2D Fantasy sprite bundle/Old Forest pack/Sprites/light 1..png","VFX","Bridge|Sun","","Imported source; original protected; license record retained with project owner","False"
"Assets/2D Fantasy sprite bundle/Old Forest pack/Sprites/light 2..png","VFX","Bridge|Sun","","Imported source; original protected; license record retained with project owner","False"
"Assets/2D Fantasy sprite bundle/Old Forest pack/Sprites/old dry branches.png","Prop","Bridge|Sun","","Imported source; original protected; license record retained with project owner","False"
"Assets/2D Fantasy sprite bundle/Old Forest pack/Sprites/Old forest back leafs.png","Prop","Bridge|Sun","","Imported source; original protected; license record retained with project owner","False"
"Assets/2D Fantasy sprite bundle/Old Forest pack/Sprites/Old forest back tree.png","Prop","Bridge|Sun","","Imported source; original protected; license record retained with project owner","False"
"Assets/2D Fantasy sprite bundle/Old Forest pack/Sprites/Old forest bush blur.png","Prop","Bridge|Sun","","Imported source; original protected; license record retained with project owner","False"
"Assets/2D Fantasy sprite bundle/Old Forest pack/Sprites/Old forest decor blur.png","Prop","Bridge|Sun","","Imported source; original protected; license record retained with project owner","False"
"Assets/2D Fantasy sprite bundle/Old Forest pack/Sprites/Old forest decor.png","Prop","Bridge|Sun","","Imported source; original protected; license record retained with project owner","False"
"Assets/2D Fantasy sprite bundle/Old Forest pack/Sprites/Old forest far back leafs blur.png","Prop","Bridge|Sun","","Imported source; original protected; license record retained with project owner","False"
"Assets/2D Fantasy sprite bundle/Old Forest pack/Sprites/Old forest far back leafs.png","Prop","Bridge|Sun","","Imported source; original protected; license record retained with project owner","False"
"Assets/2D Fantasy sprite bundle/Old Forest pack/Sprites/Old forest far back tree.png","Prop","Bridge|Sun","","Imported source; original protected; license record retained with project owner","False"
"Assets/2D Fantasy sprite bundle/Old Forest pack/Sprites/Old forest Fog.png","VFX","Bridge|Sun","","Imported source; original protected; license record retained with project owner","False"
"Assets/2D Fantasy sprite bundle/Old Forest pack/Sprites/Old forest midle leafs.png","Prop","Bridge|Sun","","Imported source; original protected; license record retained with project owner","False"
"Assets/2D Fantasy sprite bundle/Old Forest pack/Sprites/Old forest midle tree.png","Prop","Bridge|Sun","","Imported source; original protected; license record retained with project owner","False"
"Assets/2D Fantasy sprite bundle/Old Forest pack/Sprites/OLD grass fill.png","Prop","Bridge|Sun","","Imported source; original protected; license record retained with project owner","False"
"Assets/2D Fantasy sprite bundle/Old Forest pack/Sprites/OLD grass platform.png","Terrain","Bridge|Sun","","Imported source; original protected; license record retained with project owner","False"
"Assets/2D Fantasy sprite bundle/Old Forest pack/Sprites/OLD grass smart right.png","Prop","Bridge|Sun","","Imported source; original protected; license record retained with project owner","False"
"Assets/2D Fantasy sprite bundle/Old Forest pack/Sprites/OLD grass smart shape.png","Prop","Bridge|Sun","","Imported source; original protected; license record retained with project owner","False"
"Assets/2D Fantasy sprite bundle/Old Forest pack/Sprites/Old greens.png","Prop","Bridge|Sun","","Imported source; original protected; license record retained with project owner","False"
"Assets/2D Fantasy sprite bundle/Old Forest pack/Sprites/Old ground 9slice.png","Terrain","Bridge|Sun","","Imported source; original protected; license record retained with project owner","False"
"Assets/2D Fantasy sprite bundle/Old Forest pack/Sprites/Old ground.png","Terrain","Bridge|Sun","","Imported source; original protected; license record retained with project owner","False"
"Assets/2D Fantasy sprite bundle/Old Forest pack/Sprites/Old Needle SM.png","Prop","Bridge|Sun","","Imported source; original protected; license record retained with project owner","False"
"Assets/2D Fantasy sprite bundle/Old Forest pack/Sprites/Old Needle.png","Prop","Bridge|Sun","","Imported source; original protected; license record retained with project owner","False"
"Assets/2D Fantasy sprite bundle/Old Forest pack/Sprites/Old stounes.png","Prop","Bridge|Sun","","Imported source; original protected; license record retained with project owner","False"
"Assets/2D Fantasy sprite bundle/Old Forest pack/Sprites/Old Vox.png","Prop","Bridge|Sun","","Imported source; original protected; license record retained with project owner","False"
"Assets/2D Fantasy sprite bundle/Old Forest pack/Sprites/old wall leafs.png","Terrain","Bridge|Sun","","Imported source; original protected; license record retained with project owner","False"
"Assets/2D Fantasy sprite bundle/Old Forest pack/Sprites/OldBackGround.png","Background","Bridge|Sun","","Imported source; original protected; license record retained with project owner","False"
"Assets/2D Fantasy sprite bundle/Old Forest pack/Sprites/OldForest platform.png","Terrain","Bridge|Sun","","Imported source; original protected; license record retained with project owner","False"
"Assets/2D Fantasy sprite bundle/Old Forest pack/Sprites/OldGroundSide.png","Terrain","Bridge|Sun","","Imported source; original protected; license record retained with project owner","False"
"Assets/2D Fantasy sprite bundle/Old Forest pack/Sprites/OldMidleGroundSide.png","Terrain","Bridge|Sun","","Imported source; original protected; license record retained with project owner","False"
"Assets/2D Fantasy sprite bundle/Old Forest pack/Sprites/OldMidleGroundSideShort.png","Terrain","Bridge|Sun","","Imported source; original protected; license record retained with project owner","False"
"Assets/2D Fantasy sprite bundle/Old Forest pack/Sprites/OldMidleGroundSideSmall.png","Terrain","Bridge|Sun","","Imported source; original protected; license record retained with project owner","False"
"Assets/2D Fantasy sprite bundle/Old Forest pack/Sprites/Square.png","Prop","Bridge|Sun","","Imported source; original protected; license record retained with project owner","False"
"Assets/2D Fantasy sprite bundle/Old Forest pack/Sprites/Stone.png","Prop","Bridge|Sun","","Imported source; original protected; license record retained with project owner","False"
"Assets/2D Fantasy sprite bundle/Spring forest/Sprites/Background Grass field.png","Background","Bridge|Sun","","Imported source; original protected; license record retained with project owner","False"
"Assets/2D Fantasy sprite bundle/Spring forest/Sprites/Background trees.png","Background","Bridge|Sun","","Imported source; original protected; license record retained with project owner","False"
"Assets/2D Fantasy sprite bundle/Spring forest/Sprites/Bur background/Background Grass field blur.png","Background","Bridge|Sun","","Imported source; original protected; license record retained with project owner","False"
"Assets/2D Fantasy sprite bundle/Spring forest/Sprites/Bur background/Background trees blur.png","Background","Bridge|Sun","","Imported source; original protected; license record retained with project owner","False"
"Assets/2D Fantasy sprite bundle/Spring forest/Sprites/Bur background/Leafs blur.png","Background","Bridge|Sun","","Imported source; original protected; license record retained with project owner","False"
"Assets/2D Fantasy sprite bundle/Spring forest/Sprites/Bur background/Tilable background trees blur 2.png","Background","Bridge|Sun","","Imported source; original protected; license record retained with project owner","False"
"Assets/2D Fantasy sprite bundle/Spring forest/Sprites/Bur background/Tilable background trees blur.png","Background","Bridge|Sun","","Imported source; original protected; license record retained with project owner","False"
"Assets/2D Fantasy sprite bundle/Spring forest/Sprites/coral.png","Prop","Bridge|Sun","","Imported source; original protected; license record retained with project owner","False"
"Assets/2D Fantasy sprite bundle/Spring forest/Sprites/elements.png","Prop","Bridge|Sun","","Imported source; original protected; license record retained with project owner","False"
"Assets/2D Fantasy sprite bundle/Spring forest/Sprites/Flowers.png","Prop","Bridge|Sun","","Imported source; original protected; license record retained with project owner","False"
"Assets/2D Fantasy sprite bundle/Spring forest/Sprites/Gradient.png","Prop","Bridge|Sun","","Imported source; original protected; license record retained with project owner","False"
"Assets/2D Fantasy sprite bundle/Spring forest/Sprites/grass field.png","Prop","Bridge|Sun","","Imported source; original protected; license record retained with project owner","False"
"Assets/2D Fantasy sprite bundle/Spring forest/Sprites/Leafs.png","Prop","Bridge|Sun","","Imported source; original protected; license record retained with project owner","False"
"Assets/2D Fantasy sprite bundle/Spring forest/Sprites/plants.png","Prop","Bridge|Sun","","Imported source; original protected; license record retained with project owner","False"
"Assets/2D Fantasy sprite bundle/Spring forest/Sprites/Plants2.png","Prop","Bridge|Sun","","Imported source; original protected; license record retained with project owner","False"
"Assets/2D Fantasy sprite bundle/Spring forest/Sprites/Stone thorns.png","Prop","Bridge|Sun","","Imported source; original protected; license record retained with project owner","False"
"Assets/2D Fantasy sprite bundle/Spring forest/Sprites/Stones and stump.png","Prop","Bridge|Sun","","Imported source; original protected; license record retained with project owner","False"
"Assets/2D Fantasy sprite bundle/Spring forest/Sprites/SunLight.png","VFX","Bridge|Sun","","Imported source; original protected; license record retained with project owner","False"
"Assets/2D Fantasy sprite bundle/Spring forest/Sprites/Tilable background trees 2.png","Background","Bridge|Sun","","Imported source; original protected; license record retained with project owner","False"
"Assets/2D Fantasy sprite bundle/Spring forest/Sprites/Tilable background trees.png","Background","Bridge|Sun","","Imported source; original protected; license record retained with project owner","False"
"Assets/2D Fantasy sprite bundle/Spring forest/Sprites/Ver 1.5/Ark.png","Prop","Bridge|Sun","","Imported source; original protected; license record retained with project owner","False"
"Assets/2D Fantasy sprite bundle/Spring forest/Sprites/Ver 1.5/Bridge.png","Prop","Bridge|Sun","","Imported source; original protected; license record retained with project owner","False"
"Assets/2D Fantasy sprite bundle/Spring forest/Sprites/Ver 1.5/footpath.png","Prop","Bridge|Sun","","Imported source; original protected; license record retained with project owner","False"
"Assets/2D Fantasy sprite bundle/Spring forest/Sprites/Ver 1.5/Leafs Shape Fill.png","Prop","Bridge|Sun","","Imported source; original protected; license record retained with project owner","False"
"Assets/2D Fantasy sprite bundle/Spring forest/Sprites/Ver 1.5/Leafs Shape Side.png","Prop","Bridge|Sun","","Imported source; original protected; license record retained with project owner","False"
"Assets/2D Fantasy sprite bundle/Spring forest/Sprites/Ver 1.5/Monolith with tree.png","Prop","Bridge|Sun","","Imported source; original protected; license record retained with project owner","False"
"Assets/2D Fantasy sprite bundle/Spring forest/Sprites/Ver 1.5/Roots.png","Prop","Bridge|Sun","","Imported source; original protected; license record retained with project owner","False"
"Assets/2D Fantasy sprite bundle/Spring forest/Sprites/Wox grass fill.png","Prop","Bridge|Sun","","Imported source; original protected; license record retained with project owner","False"
"Assets/2D Fantasy sprite bundle/Spring forest/Sprites/Wox grass sides.png","Prop","Bridge|Sun","","Imported source; original protected; license record retained with project owner","False"
"Assets/2D Fantasy sprite bundle/Underwater area pack/Sprites/Background Blur ver/Fishs blur.png","Background","Palace","","Imported source; original protected; license record retained with project owner","False"
"Assets/2D Fantasy sprite bundle/Underwater area pack/Sprites/Background Blur ver/Underwater background b blur.png","Background","Palace","","Imported source; original protected; license record retained with project owner","False"
"Assets/2D Fantasy sprite bundle/Underwater area pack/Sprites/Background Blur ver/Underwater background blur.png","Background","Palace","","Imported source; original protected; license record retained with project owner","False"
"Assets/2D Fantasy sprite bundle/Underwater area pack/Sprites/Background Blur ver/Underwater background c blur.png","Background","Palace","","Imported source; original protected; license record retained with project owner","False"
"Assets/2D Fantasy sprite bundle/Underwater area pack/Sprites/Bubble particle.png","VFX","Palace","","Imported source; original protected; license record retained with project owner","False"
"Assets/2D Fantasy sprite bundle/Underwater area pack/Sprites/Coral fill.png","Prop","Palace","","Imported source; original protected; license record retained with project owner","False"
"Assets/2D Fantasy sprite bundle/Underwater area pack/Sprites/Coral side.png","Prop","Palace","","Imported source; original protected; license record retained with project owner","False"
"Assets/2D Fantasy sprite bundle/Underwater area pack/Sprites/Fishs.png","Prop","Palace","","Imported source; original protected; license record retained with project owner","False"
"Assets/2D Fantasy sprite bundle/Underwater area pack/Sprites/Ground elements.png","Terrain","Palace","","Imported source; original protected; license record retained with project owner","False"
"Assets/2D Fantasy sprite bundle/Underwater area pack/Sprites/Seaweed.png","Prop","Palace","","Imported source; original protected; license record retained with project owner","False"
"Assets/2D Fantasy sprite bundle/Underwater area pack/Sprites/Spikes.png","Prop","Palace","","Imported source; original protected; license record retained with project owner","False"
"Assets/2D Fantasy sprite bundle/Underwater area pack/Sprites/Square.png","Prop","Palace","","Imported source; original protected; license record retained with project owner","False"
"Assets/2D Fantasy sprite bundle/Underwater area pack/Sprites/Underwater background b.png","Background","Palace","","Imported source; original protected; license record retained with project owner","False"
"Assets/2D Fantasy sprite bundle/Underwater area pack/Sprites/Underwater background c.png","Background","Palace","","Imported source; original protected; license record retained with project owner","False"
"Assets/2D Fantasy sprite bundle/Underwater area pack/Sprites/Underwater background gradient.png","Background","Palace","","Imported source; original protected; license record retained with project owner","False"
"Assets/2D Fantasy sprite bundle/Underwater area pack/Sprites/Underwater background.png","Background","Palace","","Imported source; original protected; license record retained with project owner","False"
"Assets/2D Fantasy sprite bundle/Underwater area pack/Sprites/Underwater gradient.png","Prop","Palace","","Imported source; original protected; license record retained with project owner","False"
"Assets/2D Fantasy sprite bundle/Underwater area pack/Sprites/Underwater ground fill.png","Terrain","Palace","","Imported source; original protected; license record retained with project owner","False"
"Assets/2D Fantasy sprite bundle/Underwater area pack/Sprites/Underwater ground shape.png","Terrain","Palace","","Imported source; original protected; license record retained with project owner","False"
"Assets/2D Fantasy sprite bundle/Underwater area pack/Sprites/Underwater lights.png","VFX","Palace","","Imported source; original protected; license record retained with project owner","False"
"Assets/2D Fantasy sprite bundle/Underwater area pack/Sprites/Underwater rocks.png","Prop","Palace","","Imported source; original protected; license record retained with project owner","False"
