microchunk_id,slot_id,local_x,local_y,slot_category,allowed_pool_id,required,orientation,visible_from_route,forbidden_radius_tiles,required_marker_code,notes
MC_GRAY_H_STRAIGHT_01,RES_A,6,1,RESOURCE,POOL_SLOT_COMMON_RESOURCE,0,NONE,1,2,M_SLOT_RESOURCE,
MC_GRAY_DROP_CENTER_01,HAZ_A,2,1,MAP_ELEMENT,POOL_SLOT_CRATER_HAZARD,0,NONE,1,3,M_SLOT_HAZARD,
MC_GRAY_ASCEND_CENTER_01,RES_A,9,1,RESOURCE,POOL_SLOT_ROOT_RESOURCE,0,NONE,1,2,M_SLOT_RESOURCE,
MC_GRAY_DEADEND_LEFT_01,REWARD_A,8,1,REWARD,POOL_SLOT_TYPE0_REWARD,1,NONE,1,4,M_SLOT_RESOURCE,
MC_SPECIAL_EVENT_ROOM_01,EVENT_A,6,1,EVENT_TRIGGER,POOL_SLOT_SPECIAL_EVENT,1,NONE,1,5,M_SLOT_EVENT,
MC_SPECIAL_EVENT_ROOM_01,REWARD_A,8,1,RESOURCE,POOL_SLOT_CORE_RESOURCE,1,NONE,1,5,M_SLOT_RESOURCE,
MC_SPECIAL_FORGE_CORE_01,FORGE_EVENT,5,1,EVENT_TRIGGER,POOL_SLOT_FORGE_EVENT,1,NONE,1,5,M_SLOT_EVENT,
MC_SPECIAL_FORGE_CORE_01,FORGE_OUTPUT,7,1,RESOURCE,POOL_SLOT_FORGE_OUTPUT,1,NONE,1,5,M_SLOT_RESOURCE,
MC_VILLAGE_PLAZA_01,NPC_A,6,1,NPC,POOL_SLOT_VILLAGE_NPC,0,NONE,1,4,M_SAFE,
