signature_a,signature_b,compatible,adapter_microchunk_pool_id,notes
EDGE_SOLID,EDGE_SOLID,1,,동일 signature 직접 연결
EDGE_H_LOW_WALK,EDGE_H_LOW_WALK,1,,동일 signature 직접 연결
EDGE_H_MID_WALK,EDGE_H_MID_WALK,1,,동일 signature 직접 연결
EDGE_H_HIGH_WALK,EDGE_H_HIGH_WALK,1,,동일 signature 직접 연결
EDGE_V_LEFT_CLIMB,EDGE_V_LEFT_CLIMB,1,,동일 signature 직접 연결
EDGE_V_CENTER_CLIMB,EDGE_V_CENTER_CLIMB,1,,동일 signature 직접 연결
EDGE_V_RIGHT_CLIMB,EDGE_V_RIGHT_CLIMB,1,,동일 signature 직접 연결
EDGE_H_MID_BREAK,EDGE_H_MID_BREAK,1,,동일 signature 직접 연결
EDGE_H_MID_HIDDEN,EDGE_H_MID_HIDDEN,1,,동일 signature 직접 연결
